Actual Sales,Predicted Sales
-0.2917702723436242,-0.0549341945557984
-0.350146969100151,0.014587000756169033
-0.3508012732464106,-0.026080018105778535
-0.3403802828193981,-0.027192650136159457
-0.3345713386916299,-0.024606016750329474
-0.2265122110049721,0.006385510952810591
-0.3576283784603095,-0.044885583572945364
-0.3324009639625737,-0.02265945517869561
0.0332114260571171,0.00504429791893557
-0.3072246171055216,-0.020283475161308573
-0.3596583171774856,-0.0006470309150508058
0.5200855247439673,-0.0422438390511477
-0.0491351445453099,-0.017315050353728267
3.4617332351819687,-0.03628073485363181
1.1821056723381118,-0.006709267541397779
4.9736705308107565,-0.05143801738463516
-0.345908354923406,-0.036201359686648615
0.2231830494003908,-0.018876029808330586
0.5818693906523582,-0.012522839900157123
-0.3610084179280603,-0.007759362557299809
0.918526428404405,-0.01793543281558918
0.249540335448253,0.000329969036762634
-0.29581099941272,-0.00711092511053657
1.428698542289411,-0.050288386208451996
2.5068832565887718,-0.008775283898858177
-0.3320179566574461,-0.05425275166118482
-0.2142272516930053,-0.006191099885469953
-0.3566261760118924,-0.044129551252808596
-0.363220285115172,-0.03473137482180455
-0.2969600213281028,0.02346611493882733
-0.2539610678724478,-0.03383603483114683
-0.3667056515918329,-0.017470695884066245
0.306544589361406,0.018278432536614986
-0.3434571081705895,-0.057270922176325456
-0.3555218382821079,-0.03325162654999225
0.2442803684578343,-0.027760775235218915
-0.2577400732830398,0.023707604384570757
-0.2406707143845212,-0.016805634164427374
-0.3128995086764951,-0.015663161712975437
-0.0298603019147651,-0.032817788652819146
-0.3299752510300991,-0.013995661866912812
-0.3599008884707331,-0.019217513264047525
-0.1667183872194733,-0.03653695089275466
0.5228543483872854,-0.04683302767354647
-0.2322349784890865,-0.024966737591512356
-0.3171445063083256,-0.01454868886883709
-0.2365214685789725,-0.03992142804153609
-0.1968163779474147,-0.017530248552736438
1.2496617775075292,0.010283639046477333
-0.2678801916862922,0.005911039903168103
1.078661782678241,-0.02206978632247214
0.4503063813410387,-0.021216121140435362
-0.2388833469605926,-0.035527331595028855
-0.2807971130517194,-0.037763091270932136
-0.3447848668283651,-0.01153513419170693
-0.3568112962093707,-0.03288580050895895
-0.3510725700875426,-0.03665275513356292
0.1423748914735594,-0.027400645147407587
-0.3344436695899208,-0.007913667097691146
1.747599999721252,0.020091377643620234
-0.2969887468759873,-0.05567081883000746
0.6816906695512305,-0.0077573013665031
-0.2725624559914767,0.004255474070410159
0.9482318366445908,0.012692348408934961
-0.3567219278381743,0.0011532280107910964
-0.347325481952378,-0.006438502393701029
-0.0955747802920275,-0.0108311511803727
0.1232181427620956,-0.014477709119590898
-0.1654353127472959,-0.008628749000999747
0.2060434724959321,-0.03343615305905878
-0.2988367571232279,0.005711810133496087
-0.255825036757402,-0.035756214020873145
-0.3498277963458781,-0.03282816922074261
-0.3491894508373321,0.022396137236338376
-0.1730571581193345,-0.04483715165381952
0.1184465100857146,0.007271985763470212
0.5508138816615978,-0.005559360710487127
0.252042649841753,-0.03758812178609716
-0.2347021838796166,-0.04169735945141184
-0.3582794908790264,-0.01371315763792147
-0.3497320445195961,-0.03704727122587492
-0.3387588852276913,0.012836374662422045
-0.1626489346024929,0.012131558530390052
0.0376351604313405,-0.0067435129816448836
-0.1130016126753318,-0.03222069662864868
-0.3644267581263238,0.016060654864563872
-0.1960184460617322,-0.031365215127946655
-0.2236268893063444,-0.017488601895795597
-0.341491004004268,-0.043104397640467695
1.061490288498355,-0.0629077522646675
1.1730890420299005,-0.015847096384755233
3.9979306954503935,-0.01953888245327917
-0.3013135376963861,-0.0415836880374858
-0.0395293213327105,-0.02629532762064457
-0.364011833545769,-0.011491780644439231
-0.2833760289062451,-0.027676459326135827
-0.0968642382192903,-0.0024221993248723095
0.4191710791617101,0.005266904157704033
-0.3372523898275229,-0.03725509046425657
-0.3543600494565543,-0.010902367940381907
-0.1757094837073429,-0.02511077658701666
3.6532336960182095,-0.03150969902350553
-0.268885585862252,0.02318367014398426
5.903583542112608,-0.03789851033210212
-0.338503547024273,-0.008983488384181726
0.2124907621322462,-0.02542364441715428
-0.3380567051682908,-0.007503758783864001
-0.1590518576618364,0.017994808696704112
-0.2611360713885042,-0.005094843623760781
-0.2279676387644568,-0.009227703269459653
0.209362869140371,-0.020755010329031265
-0.33234989632189,0.017997969495191057
-0.2480595636459405,-0.003561245500049992
-0.2680429697909714,0.02003627948495179
-0.3165699953506342,0.0007308157101260093
-0.3546409214803145,-0.01441018466695887
-0.2304699531579569,-0.046052715078527484
-0.3444337767986648,-0.02369458695990545
-0.3454535337485669,-0.022654410381324652
-0.2146645183663593,0.001630153569635695
0.3499265501221885,0.013711947760372212
-0.2152007285935379,-0.06179023406755846
0.0912817169695419,-0.03705675362133576
-0.2917000543376841,-0.04306127696358253
-0.3635362661419022,-0.030473184590897873
-0.344325258062212,0.003427154321588688
-0.3146230415495691,-0.03759912575010382
1.0079075665110084,-0.03650251539927396
-0.3584454607112483,0.006750760632284525
0.1547409206651115,-0.03701979406700495
-0.3382099080903418,-0.03767377601811717
-0.3255068324702775,-0.004348137567070864
-0.1896988255271273,-0.028955375875050038
-0.2702261114301985,-0.024471702072235146
-0.3334223167762472,0.018467970149881552
1.990844747480228,-0.04175364004038862
-0.2363682656569215,-0.026584941905312576
0.421628709369612,-0.019567950880309937
-0.3550494626057839,-0.03379681701322035
-0.3508874498900643,0.01746366044938874
-0.2428410891135774,-0.007697452561471252
1.4157720457413556,-0.029924322277357973
-0.3300518524911247,-0.03707029871371148
0.4667597368238104,0.009758373526256747
-0.1934810226652621,-0.05116668098611754
-0.0336233486876434,-0.014548162625491301
1.1978600394890255,-0.024857851787377427
-0.1783043581995822,0.024163895932451496
-0.3650331863594425,-0.023933561329078756
0.1232181427620956,0.026748584205954273
-0.3077289100572729,0.012169488112233395
-0.3068033090698812,0.009439060748112738
3.106851433160935,-0.005439170602230092
3.337160109189228,0.0204278321208875
0.1678448772645427,-0.003016463718669371
0.1275397418549516,0.01768780503569367
-0.3267101137538866,-0.018969994126724288
0.9760413587243948,-0.0325710452299095
-0.3396461854845702,0.014180330609486091
-0.3439677845774262,-0.044208918462043556
-0.2420112399524677,0.0029145120283988746
-0.2772159947487767,-0.011969374990481896
-0.3458221782797522,-0.0037325346497354417
-0.1577177155489754,-0.030763037468421572
-0.323693931226007,-0.023645288786191543
-0.297394096273914,0.006062804043908798
-0.3475935870659672,-0.038181386099534365
-0.2932065497378526,-0.014558811460016585
-0.2747902818163021,-0.05511146739298489
-0.0007804722729545,-0.0334937895063252
-0.3632490106630566,0.01297643920168845
-0.2856900313747241,-0.008308759950297784
-0.3339649104585113,-0.03075039427447379
-0.2815631276619745,-0.013420934152550856
-0.3629904807320954,0.005554430935614363
-0.1730188573888218,-0.03110194182582582
0.7777393264945964,-0.03496806835101829
-0.3435879689998414,-0.028836659531666697
-0.3626585410676516,0.034391691733421936
-0.3446252804512286,-0.04481770732735768
1.5766590518515045,-0.020191561629564703
-0.3562112514313375,-0.007242509840569511
-0.3024944768871961,0.00205022710400371
0.249540335448253,-0.02442191912529701
-0.3434571081705895,-0.0025626906641740277
-0.333613820428811,-0.03981981220988473
-0.3086034434039808,0.0029113512299119293
-0.2039658476431293,-0.05295264624374951
-0.354870725863391,-0.014611562015238277
-0.2755371460613008,-0.036694167719391046
0.174253866170344,-0.03266779656170549
1.1670726356118546,0.0010530572198117483
-0.3636368055594982,-0.0065581991146874685
0.1231223909358137,-0.037506743800642894
-0.1155422277993447,-0.0514789181721671
-0.3435592434519569,-0.02643417632331513
-0.1420463333141725,0.03646942076374593
1.0921564067289025,-0.026043095922064552
-0.0886327728865904,0.010820423640968357
-0.3622148909392121,-0.00949973383435676
-0.3545387861989471,-0.012462516293284764
4.10639836426252,-0.0033738950065025364
-0.2948981653354994,-0.027051175651923387
-0.3098194915977609,0.011161900608344766
-0.3028774841923237,-0.01779651378260283
-0.362275533762524,-0.00027558031664831617
-0.3310604383946272,-0.025433126812615114
-0.3585731298129575,-0.0428260994862093
-0.3419123120399083,0.008168861498818458
-0.190895723355651,0.024880480611466638
-0.0876082283453741,-0.012617991181953059
-0.0763286632093672,-0.025988161331648385
-0.3446061300859722,0.007204966129405577
0.6898966010635887,0.02396940912340284
0.7807076331093351,-0.0023215897603936497
-0.3453721446962273,-0.04369569011140406
0.3272652845688074,-0.036197153155404393
-0.1739125411007861,-0.038763192764394105
-0.3655183289459374,0.004576204890577529
1.5223757456685287,-0.001848549980193681
-0.3625308719659424,-0.027135443215790644
-0.0735837775226197,0.04040232533890098
-0.3091396536311595,-0.00880363643505433
-0.3148464624775602,-0.007754140568016155
-0.1928905530698571,0.01906743450060766
-0.1729709814756808,0.004130011116853183
-0.268023819425715,0.026584844755142
0.4647010725587497,-0.041477901600968536
-0.3488192104423754,-0.012197194928315724
-0.2678323157731512,0.003912798902300452
-0.3108727616868617,-0.015019254749741862
-0.0633734411134273,-0.02896314222067531
-0.3508874498900643,0.0037307560930504025
-0.1957950251337411,-0.03269818606316477
-0.3294645746232624,-0.002926395436766427
0.8062478369062585,-0.029675082086548343
0.8247247476511209,-0.033519674737032545
0.397713094891938,0.02690270205852663
-0.2698431041250709,0.0030521391585871527
-0.3072501509258634,-0.046032640753107756
1.3418133351212225,0.004394676621977567
-0.3449444532055016,0.005945125936172246
3.650571795247573,-0.035803309523613436
0.397713094891938,-0.04547368549571473
-0.3475935870659672,-0.04821454341534981
-0.2445007874357969,-0.017153955908648655
-0.209200280813206,-0.05514050725970421
-0.3403164482685434,-0.01723487242639976
-0.3544206922798661,-0.0003811519578196254
-0.3151496765941195,-0.03734949100902263
-0.3568112962093707,-0.02615657575453767
-0.3084885412124425,-0.029294186639752695
-0.3302305892335175,-0.03067571630322874
-0.0159475615560061,-0.03136488385438341
-0.3544079253696952,-0.015808558677415263
-0.3216767594190018,-0.015843935586268287
-0.3165699953506342,0.0054826874668716385
-0.2149453903901196,-0.004380756876631864
-0.3296560782758261,-0.0646275041369897
-0.342199567518754,-0.039916832035689964
0.0938350990037256,0.0062236902853829434
-0.2725560725363912,-0.015384411711556467
1.0894338631349538,-0.017399184017310887
1.2988111899380246,-0.009825481274422287
-0.2407345489353758,0.012494220618453511
1.24911280037018,-0.05636802847087807
0.1449027396874014,-0.052660275508904064
-0.008734257309437,-0.03784796335281726
-0.0810683786103209,-0.07225463425683287
-0.3637054277016669,-0.016332054634432325
0.4142079428327653,-0.03368133372168991
-0.3392950954548699,-0.04706286358236156
-0.041363287978763,-0.012282016861428602
-0.1930501394469936,-0.008172369407677849
-0.3236556304954942,-0.02542605210998694
-0.3516311224075203,-0.021755067484308555
0.2444974059307399,-0.0030227853156432616
-0.3556367404736462,-0.030130055686022672
-0.3372523898275229,-0.05788982038206569
-0.3427421612010181,-0.01761283669711311
-0.3616116544336362,-0.02632718320493943
-0.2153283976952471,-0.040927216963345
-0.2718602759320762,-0.021716437231237506
0.7411046777591445,0.009114659123548918
-0.3403802828193981,0.01248756563686193
-0.3640884350067945,-0.009201511499062676
-0.0850420794010194,-0.0403243383723364
-0.3252259604465173,-0.039971453391896006
-0.3352416014756032,-0.031394351918724084
-0.2799800308007806,-0.020086709934142633
-0.1417271605598994,-0.053742463936501395
-0.360232828135177,-0.014826230917318384
-0.2840526751453037,-0.0019711431247682043
1.0104354147248502,0.005221732735460449
-0.3110163894262845,-0.025131815342554376
7.451344787680993,0.00204654492176104
-0.3261451779788234,-0.017557199527280076
-0.3649757352636734,-0.026849637565454998
1.1598872589812843,-0.010655773539145486
-0.3479765943710948,0.006240640552661603
1.4403962237335153,0.025840533029088064
1.8910841114046677,-0.02545865132736047
-0.0794884734766697,-0.031254776897732484
0.4981822944819847,0.020508071221309265
0.0732835653560889,-0.03778003783968842
1.0229980543330346,-0.010314148693439051
-0.1385481999273407,0.009567133334929423
-0.2388705800504216,-0.05789298118055264
2.494671707010287,-0.0012534686903684644
0.190196545246279,-0.056307313880369136
-0.2534376245554401,-0.03088022728954698
-0.1986037453713433,-0.014258272106159708
0.5177635429566315,-0.015709644859242644
0.4861654402836071,0.003915959700787397
-0.3216767594190018,-0.031645878070985844
-0.3498916308967326,-0.05227136559492074
-0.3094843602057742,-0.03135086114103025
-0.3511300211833118,-0.024452820646700957
0.266239453951815,0.015359538922545823
1.0028901708138374,0.005563913331075199
-0.1900626824669986,0.005578827605550174
-0.3319860393820188,-0.009583835486770553
-0.0619084381713143,0.007674840389180204
-0.3317131466771155,0.007480087650977296
0.0137067790434957,-0.009421676800068113
-0.2367768067823909,0.0008331806913712825
-0.2916872874275132,-0.030807496394546163
-0.347785090718531,-0.013416255151973644
0.2482700278862465,0.015256768345242477
-0.3253791633685683,0.017460499650901795
-0.2322349784890865,0.00015849767006059778
-0.2327073541654105,-0.012944298021738021
0.7461986749173412,0.0024263139714904014
-0.3150379661301239,-0.030252472395039476
-0.3444337767986648,0.016008618688442056
-0.3283474699833069,-0.0414362636462009
-0.0849303689370239,0.0005291388914283601
-0.3421038156924721,-0.05434399758065389
-0.2927916251572977,-0.05023050307270793
3.2136083360101595,0.007998031504579117
-0.2869826810295296,-0.03968704919962107
-0.3269111925890786,-0.006727791673345251
-0.3566102173741787,-0.01195989259502106
-0.3546153876599727,0.002457039357210533
-0.3637086194292097,0.013866822369635656
-0.3525726820326256,-0.00972868057335674
-0.3269111925890786,-0.00424261978719187
-0.2986963211113477,0.015563216285642056
-0.3309966038437726,-0.039382078980979784
0.2108948983608813,-0.01530161533405483
-0.2987601556622023,-0.04076235729444022
-0.3205596547790464,0.010598495257880813
-0.0376385419363974,-0.03078806080593921
-0.3485032294156452,-0.015970180329420103
-0.0109812334995187,-0.00814170831630534
-0.3272686660738643,-0.006389877015880785
1.369236658168356,0.014883570291736703
-0.3576954047387068,-0.042519469458394354
-0.3543345156362125,0.0052508822542289835
-0.3566740519250333,0.0013684520130947675
-0.2958876008737455,-0.0075145358942414475
0.9082873664473278,0.019543413121166253
-0.3570411005924472,-0.007488315045909744
-0.2987441970244887,0.011183237218540754
-0.3403164482685434,-0.03688420954962268
-0.1663034626389184,-0.03556569719171243
-0.3269111925890786,-0.027487431976107146
-0.1129696953999046,0.005081733016195855
-0.3489213457237428,-0.04037607284667111
-0.3269111925890786,-0.0415746376491839
-0.3503512396628857,-0.0379515680379221
-0.3595625653512037,0.014701907934002278
-0.1997783011070678,-0.024799217942454987
0.4574319130801827,-0.019364067984769306
-0.360232828135177,0.021098006670602132
0.5565430326007977,0.00043919165368144775
-0.0551515509633554,0.027374710949747083
-0.3623010675828658,0.005614317334782015
-0.3237832995972035,-0.026506442214721204
-0.0901169261939597,-0.0011405677428566463
-0.2115462005571124,0.0033792339242051384
-0.1339712626310662,0.00026325062486165507
2.113190047648144,-0.025024213525552952
0.5321023789423449,-0.029447011903931397
-0.0621573929196472,0.029122131490588288
-0.3462913622285335,-0.04829059041492911
-0.3544398426451225,-0.05525344041692648
-0.1339712626310662,0.013398039558785158
-0.2898871530934137,0.0017347219148682314
-0.3565304241856105,0.0008913121521505474
0.1477784862034009,-0.028103224343427158
-0.2711836296930174,0.013708786961885266
-0.2087215216817965,0.023429449949089687
0.3491733024221042,-0.03221120269352795
-0.1910712683705011,0.030794675854998843
-0.3259057984131187,0.008227044469444778
0.1757858953908543,-0.018724452734101504
-0.3044733479636886,0.007785794255710243
1.2642447806502617,-0.018020532041477466
0.2253374654917334,-0.03621628041252123
-0.1911829788344967,0.02514853207579293
-0.3378907353360689,-0.01314209902533392
0.4459975491583535,-0.043243393732742774
-0.2930788806361434,-0.039920576083222414
1.6863188309008414,-0.0404044770984644
-0.2611137292957051,0.011569956228242972
-0.3044573893259749,0.0034275583807623633
-0.0926128571323744,0.023491323011814558
-0.0814992618285894,0.01958292420287755
-0.1743210822262555,-0.012100346908132664
-0.2471818385716898,-0.02450928637193961
-0.3214533384910107,-0.0026658907725209957
-0.3549983949651003,-0.03881504758613197
-0.2265632786456557,-0.013292218969217728
-0.2550175296890913,-0.008777073541024194
-0.343061333955291,0.003353947536309576
-0.1002666197798402,-0.04469260745546144
-0.351730065961345,-0.020063316389080654
-0.2993729673504064,-0.04821138261686286
-0.2881125525796559,0.01069399728113929
-0.3361033679121402,-0.03413585539413155
-0.3584454607112483,-0.008841891630741117
-0.3628819619956427,-0.04541628884077831
-0.2584645954352395,-0.034003210658624994
-0.2556718338353509,-0.015800084913195178
-0.351883268883396,-0.035853382707998094
-0.3134421023587591,-0.031718195095782775
-0.3485032294156452,0.003363429931770412
0.9027098225664076,-0.022064779599482165
-0.3475935870659672,-0.04466418610809697
-0.3600413244826132,-0.028256448939879775
-0.2949939171617812,-0.01672059630894296
-0.3121526444314963,-0.028322310704336218
-0.3453721446962273,-0.022074798723565436
-0.0365820801197539,-0.021649605079542056
0.5879097350269742,-0.03886728030319908
-0.0619339719916561,-0.003727886237133049
-0.2973238782679739,-0.01313313558557816
-0.2882912893220488,-0.014719689902841893
-0.3574400665352885,-0.003140883771401093
1.3742955463235829,0.02744961476584251
-0.2953769244669088,-0.0022670808136560083
-0.3550494626057839,-0.013935032776373646
-0.286144852549563,-0.007638290393524372
-0.3104418784685931,-0.031639556474011954
0.3312996281828178,-0.039523390683477544
-0.1098418024080294,-0.0178300844019752
-0.3650156318579575,0.007192243289422251
0.920782979777115,-0.013917890528906796
-0.2343510938499163,0.02767934524572979
-0.2433134647899014,-0.040395070547349476
-0.2166848819009072,-0.014558129140983311
-0.2663960383789228,-0.005789843606098799
-0.3439550176672553,0.017232310424763142
-0.3364863752172677,-0.04413271205129554
-0.2995644710029703,0.002561006984485914
-0.351730065961345,-0.00042050545521732374
-0.1700697011393395,-0.003936774211044991
-0.1387014028493917,-0.017215998682290845
-0.3103652770075676,-0.01627875721553096
-0.0518608798668011,-0.011835022495775505
0.0028421384880437,-0.020604513481268683
0.1640658718539507,-0.036133428800669165
-0.314128323780446,-0.01721274181580057
-0.3609988427454321,0.02583737223060112
-0.2840782089656456,-0.030168961695588692
-0.2533993238249274,-0.021905512780973524
-0.341561222010208,-0.02392293427617176
-0.3468275724557121,-0.033255266345381784
-0.3305880627183032,-6.313474341901326e-05
-0.1867783948255296,0.0083898067179895
-0.2550494469645187,0.005928914085549408
-0.2467988312665623,-0.03870202592881711
-0.1864751807089703,0.013834103580828483
-0.3181020245711445,-0.05793120154303466
0.0706791156812214,-0.014976242553505159
-0.3473542075002625,-0.04865991959919924
-0.2153283976952471,-0.044628977334227216
-0.3541525871662768,-0.024896350978698578
-0.3614456846014143,-0.024347097518266025
0.9713399440539536,-0.03600355898519858
-0.250003325719463,-0.01680437269835444
-0.3630032476422664,-0.01679805110138055
-0.2835547656486379,-0.0007195338362109283
0.6810108315846292,-0.05519440134204601
1.0091587237077584,-0.02667118924962253
-0.2689494204131066,-0.027679620124622772
-0.0155517873407077,-0.014536339164866519
-0.351730065961345,-0.011787077728172335
-0.2406707143845212,-0.005554452518824249
0.0497764920038844,-0.019898053953141925
-0.3541813127141614,-0.011801767232409333
1.7382003621079132,0.001403840709279791
-0.2958876008737455,-0.03132017642117901
-0.3434124239849913,-0.04933037117771555
-0.2407664662108031,-0.043978168596517264
1.541749531852898,0.00903140920575396
-0.3144155792592917,-0.011905323226418574
-0.3593582947884691,-0.017609675898626165
-0.3367417134206862,-0.037621924895500314
-0.3390142234311097,0.010311743759963576
-0.3414319570447275,-0.0633663409089511
-0.3432209203324275,-0.03369811448836302
-0.0083001823636257,-0.02492904302124188
-0.3032668749525367,-0.0362722339027588
-0.3186765355288359,-0.028363799101072118
-0.3429974994044364,0.012131207645495579
1.2276197070974375,-0.04336220207309616
-0.2100684307048285,0.007486095961715122
-0.2307125244512044,-0.03678093961039863
-0.3638394802584616,-0.036386483771343237
-0.3599886609781582,-0.012206778860178957
-0.3201702640188333,-0.054708035445841574
-0.2479733870022868,-0.0174675350855793
-0.1104354637309771,-0.05250508063348214
-0.0309550644619213,-0.0181203158465717
-0.2693962622690888,-0.03883271034828972
-0.3410058614177731,0.02652089851141426
-0.2876912445440156,0.00677331038895268
-0.2419793226770404,-0.028656618242973053
-0.3396461854845702,0.01697111550252295
-0.3447210322775105,-0.019976509516268948
-0.3628117439897026,0.001738008447873085
0.7785755591107916,-0.022651249582837707
0.8163911470370535,-0.020455426612942418
-0.1146485440873804,-0.017660883182131215
-0.3500576007289546,-0.016540462161634295
-0.2983771483570747,0.01902602439048806
-0.2608041317240603,0.009270353865483472
-0.1339074280802116,-0.0164272403934298
-0.2630447244590566,-0.027170356086907432
-0.3056159864239858,-0.012909349643178913
-0.0491670618207372,-0.055188079745072116
-0.2926958733310158,-0.03591104637763998
-0.350466141854424,-0.0287135492320445
-0.2392025197148655,0.01078307281468227
-0.3155486425369607,-0.029431812226224707
-0.281333323278898,-0.022537647511084558
-0.1991463390536073,0.01600320800782029
0.773787967796697,-0.03176547124748552
0.621079763514793,-0.03748527606015273
-0.0408430363892981,-0.027513608016343838
-0.3284432218095888,-0.03765207513172797
-0.0794884734766697,-0.030169096120285843
-0.3453721446962273,-0.0366478591289674
-0.3101865402651748,0.0016251393338517772
-0.3423336200755487,-0.0012153604205593638
-0.3301284539521502,0.00688656375227481
-0.0724411390623224,0.013021548959859075
-0.3435241344489869,-0.033432566009919285
0.3072212356004646,-0.03621324289470529
-0.3186765355288359,-0.01954809927785739
-0.090691437151651,-0.008284214475818175
-0.0635936703138756,-0.0372373731281872
-0.0123089921572942,-0.013655022466444677
-0.313218681430768,-0.009429381671701265
-0.3205596547790464,-0.03594496278476278
-0.366373711927389,-0.03663695114112819
0.4933627858924626,-0.012535365135523335
-0.2457519446325469,-0.008850439043627034
-0.237000227710382,0.01776879621379024
-0.0007804722729545,-0.0399583666323462
-0.2726199070872458,0.03345844418357835
-0.2869348051163887,0.002452942929778601
-0.112988845765161,-0.03806355365237124
-0.346923324281994,-0.03281042469509465
-0.3534408319242481,-0.03358857648759361
-0.3434571081705895,0.0004664168230377186
-0.1436804978160501,-0.05513589180680256
0.1745028209186769,-0.017256198488395214
-0.1253216809902686,0.020186314071272804
-0.2917128212478551,-0.03634744800268308
-0.3066756399681721,-0.039306988196200265
-0.2632841040247613,-0.042672805264640346
-0.3418484774890537,0.02675806660141511
1.4190659085654524,-0.05062965260464658
-0.2964621118314369,-0.014842550115979236
-0.3647491226081396,-0.025717607923441577
-0.3632490106630566,0.0029502201193984945
-0.2599168314671815,0.011803707094344418
-0.3109525548754299,-0.005428474224279611
-0.3075054891292818,-0.020509847737113063
-0.2918341068944788,-0.018864446762679066
-0.3134261437210454,-0.0031783018308715327
-0.3207830757070375,-0.031730838289730556
-0.3342840832127842,0.011832121557535658
-0.3473382488625489,0.026754905802928164
-0.3547941244023655,-0.05280064403745577
-0.3372523898275229,-0.009844900906854193
-0.2688377099491111,0.008001192303066063
-0.1572644902379078,-0.013492995386352291
-0.3622148909392121,-0.01807066603530849
-0.0185137105003608,-0.03559739958282826
-0.2655023546669585,-0.05325637367913316
0.0664373097769336,-0.013100166076497999
0.1711898077293235,-0.04014418585300916
-0.3262473132601908,0.0022427906052424618
0.0615858839119844,-0.014134414733952383
1.9438433676859896,0.021927828058389665
-0.2287974879255666,0.005629183242986002
-0.261847826630533,-0.02916591641673172
-0.3444337767986648,-0.011618943593223463
-0.3597540690037675,-0.0023415513028002266
-0.0133814126116515,-0.01228189292818982
0.1377053940785458,-0.03263787710567456
-0.2646086709549942,-0.00582169955650258
-0.3515577126740375,-0.02018751135003427
-0.2581486144085093,0.01213498871795693
-0.033131822646063,-0.04411118794364555
-0.3510789535426281,-0.04506101669638696
6.679336113100611,0.0061007260062613256
0.1608103097603664,0.0002297529318582292
-0.3188361219059724,0.03657147266514116
-0.340428158732539,-0.03854854282191411
0.5968258259175896,-0.03862983848769552
-0.2534120907350983,-0.037258251262743514
-0.3617409193991168,0.010221002251254774
0.1592974309051125,0.004442869792850246
-0.2550015710513776,-0.017964220120106233
0.7761498461783171,0.00404691643579369
-0.1770388382288899,-0.016428022717956736
0.6638329539496577,-0.039683888401134126
1.1637277051470738,-0.04444985526449585
-0.1883008488634117,-0.032470079471858426
2.8233877266360223,-0.011949983260434394
-0.2813014060034707,-0.02074449876352169
-0.3446891150020832,-0.022233836394962125
1.168757867754416,-0.06297154979568198
-0.2543759924530027,-0.01837713753156045
-0.3269111925890786,-0.0438161419749985
-0.3444337767986648,-0.003096498580013929
-0.32762613955865,-0.020402675941518567
-0.2869507637541023,-0.050585870334526106
1.4157720457413556,0.025115329735527325
0.6980163559322932,-0.012337122708114379
-0.0788660866058374,-0.03638684743748577
-0.0616147992373832,-0.051959581027073654
-0.1455253163357478,-0.042305667726791896
1.306104287373162,0.0003705678571144233
-0.0938512474189535,-0.05521855682990129
-0.3474978352396853,-0.04166747721306763
-0.3573475064365493,-0.04176734725987252
-0.2985367347342113,-0.04350288441517769
-0.2324041400488512,-0.00404253810792099
-0.3605647677996209,-0.0080207334127671
-0.0212713630972793,-0.003872467477966879
-0.3294964918986897,0.02421425216694395
-0.3411079966991404,-0.011292857286731461
-0.2065511469527403,-0.03837983950798218
-0.3401632453464924,-0.00903268845789107
-0.360232828135177,-0.02917223801370561
-0.1800278910726563,0.0019226707144301969
-0.3525726820326256,-0.028705142825270258
2.032732979751013,-0.014393681176947837
1.0711133470396854,0.0319110369473492
-0.0465753790560407,-0.031358459886392964
4.314514958686212,0.014205259713094165
0.8668268256672689,0.021999153286039075
-0.0587582030866401,0.0031011312548621106
-0.3304859274369359,-0.02481917847855364
-0.1104354637309771,-0.010932532904606163
-0.3252514942668591,-0.0272775217014658
-0.3460998585759697,-0.01815850901579097
-0.2761148487465349,-0.013103326874984944
-0.3229534504360937,0.007174463012608712
-0.3654927951255956,-0.04650593188758734
-0.2521864673586901,-0.03204074100338161
-0.2803375042855663,-0.00028500208736126353
-0.3626585410676516,-0.00395312438443618
-0.1606349545230304,0.0036883329578962787
-0.312510117916282,0.02416073513396455
-0.3014731240735226,-0.0058724279865511875
-0.3627096087083353,-0.014745552058148093
-0.2958876008737455,-0.014163399267058452
0.1219223013797473,-0.01777938262861234
0.0371659764825592,-0.012016481761289555
-0.3205197581847623,-0.020277153564334682
0.2108948983608813,-0.01114285561635775
0.9788181616865697,0.0040904908232306525
-0.2679759435125741,-0.02075184953054432
-0.3634309391329922,-0.021371898439998205
-0.3527514187750185,-0.02332156165726751
-0.3525726820326256,0.011568128282414492
-0.361956361008251,-0.04348422584490841
-0.3500927097319246,-0.03788713879480454
-0.3530275032074646,0.0018553993288072945
-0.3621670150260712,0.007268824964983267
-0.3549345604142456,-0.05184843448259535
-0.084244147515337,-0.03249186329067477
-0.3562112514313375,-0.015428486498381133
0.2205498741776388,-0.005214247030611574
-0.3533961477386499,-0.04084142293459614
-0.3434571081705895,-0.007652490155976466
-0.3636798938813251,-0.017408666412771723
-0.3604115648775698,0.005641307745388957
-0.1022135735809054,-0.023661171704214112
-0.1433070656935507,-0.03776739464574064
-0.3653651260238864,-0.04026474149531367
-0.2482989432116452,-0.028523529274226078
2.504269231731276,-0.0030991613613498004
-0.3480531958321203,0.014205638611825222
-0.3212426844731906,-0.05019943116740677
-0.3434571081705895,-0.0023953482355132394
1.4253472283695447,-0.007710095755419033
-0.3494703228610923,-0.043181438718923104
-0.1691249497866915,-0.0462803859379477
0.5892183433194934,-0.029217740534699388
-0.2974579308247686,-0.012213100457152848
-0.1282836041499218,-0.019119469571696968
-0.3470829106591305,-0.0014828925436649598
4.323451795805855,-0.009566459129191074
-0.3559878305033465,0.011663413986024551
-0.3496873603339979,-0.0250322828762517
2.296178171127925,-0.046278206530180555
-0.0633399279742286,-0.013440285072054081
-0.2359852583517939,-0.04780575755593652
-0.0991750489602267,-0.05081688419253538
-0.3449444532055016,0.030079793151623235
-0.3622627668523531,-0.007694291762984307
-0.3296688451859971,-0.025938329378055514
-0.1451742263060476,-0.014044275514361715
-0.3496362926933142,0.005146399967234316
-0.273290169871219,-0.012860124015066532
0.3556078251482474,0.01564006141401819
1.4474180243275208,-0.05514366805819115
-0.2690451722393885,-0.03633229761458523
0.4954693260706643,-0.028338933766388408
-0.3276006057383082,0.012994556699483795
12.398602272100646,-0.01440259998259208
-0.3594029789740672,-0.05513734646121726
-0.358780592103235,0.02839427009739559
-0.3463807305997299,-0.03524832687661217
-0.1767723289790719,0.010013089768742489
-0.2279038042136023,-0.026437337121802074
0.1167389358503542,0.021747096777721353
-0.3555729059227915,0.013607915004143933
6.002380276470263,0.011173754823079918
-0.2869507637541023,-0.0008340074631600913
-0.3396781027599975,-0.006846205672077943
-0.2151688113181106,-0.016183521099957687
-0.2798012940583877,0.014343099848696639
-0.3230332436246619,-0.05274532628741291
-0.2758754691808301,-0.043398068082527885
-0.3478808425448129,0.004289135409063505
-0.3237035064086352,0.0017408087871366718
-0.349202217747503,-0.017599151330028207
-0.2958876008737455,0.0065768192829285255
-0.2985686520096385,0.003376073125718193
-0.1700697011393395,-0.008625588202512802
-0.3600030237521004,-0.025266263432436986
-0.1228640507823667,-0.046996815197976716
-0.3046967688916796,-0.027673298527648882
-0.3599008884707331,-0.02102861240878262
-0.3359916574481447,-0.03163457187521246
0.1333869867132324,-0.013641265278776515
-0.3257749375838668,-0.005104716957458066
-0.3542004630794178,-0.05590704882958697
0.787001719823598,-0.014261432904646654
-0.3022072214083504,-0.02162388202197718
-0.3071863163750088,-0.006874534923205999
0.5028262580566564,-0.05068364408964321
0.1632902820610673,-0.031142960590091917
-0.3487713345292345,-0.05219493994322377
0.0848216604230569,-0.04113022314195369
-0.209838626321752,-0.018088971449078173
-0.3372523898275229,-0.04994349859116021
-0.3517109155960886,-0.008673926933651543
-0.3002666510623708,-0.027403805945894533
-0.2795714896753112,-0.010473425780729073
-0.2825780970205626,-0.029856226679584097
-0.2730029143923734,-0.03040256262288743
-0.2636128519616625,-0.02744508632207676
-0.1943906650149401,-0.03840635444271889
-0.3540408767022813,0.030788354258024953
-0.3579347843044116,0.013824621185367647
-0.1819429275982941,0.008188570685181418
-0.3598115200995366,-0.018270527988860863
-0.3530322907987787,-0.040668265701327755
-0.2504214420275605,0.0242690577154292
0.1822970195780229,-0.03037271667127861
-0.1203234356583538,-0.019527977135144425
0.1615954747358779,-0.03789029959329149
-0.2151209354049697,0.023835548940930096
-0.351730065961345,-0.03664011193961514
-0.3148464624775602,0.0275432686961814
-0.3033562433237332,-9.43869604750347e-05
-0.3621989323014985,-0.0003843127563065707
-0.1720326135781183,-0.05660339215148724
0.1867686298653873,0.01700663098924693
-0.353772771588692,-0.003615830312183377
-0.3612382223111369,0.0023853232375579125
-0.0490010919885153,-0.0448248006930001
-0.0297453997232268,-0.0012222185942736274
-0.3528918547868986,-0.002895645456492346
-0.2206266654161785,-0.03752449094709043
-0.3249004042371588,-0.04091055393174514
-0.2220948600858341,-0.022193874471769348
-0.3124207495450856,-0.03889333675445705
1.702146607785238,-0.01642632688001555
-0.3475935870659672,-0.039064505460135734
-0.3537600046785211,-0.017555514583238008
-0.2096918068547864,0.003314451162180987
-0.3032413411321948,-0.002867248024067237
-0.3117058025755141,0.037939573654622194
-0.3639862997254272,-0.01988232222581665
-0.2599806660180361,-0.021601162583293032
0.4981822944819847,0.012500542215427402
0.6179199532474906,0.015847121882075044
-0.3583943930705646,0.013585677162932797
-0.3601689935843223,-0.0029827449733339506
6.8910051002793615,0.015309228981044143
3.2222738762886705,-0.010027507413877146
-0.3469552415574213,0.02762507662357727
-0.0735135595166796,0.004748505583725304
-0.2131835567865327,-0.043473022801904904
-0.2534120907350983,-0.05194894935149286
-0.2919809263614444,0.012387482734881772
0.3197966421188198,0.00737573572673611
0.4671267854912243,-0.0157064840607557
0.4934330038984028,0.010690836482652344
-0.3523811783800618,-0.03480012162971846
2.006331009517553,-0.03822383645911742
-0.2407345489353758,-0.04736507495971232
-0.1643485295189964,-0.01627243561855707
-0.3586241974536412,0.020159801660957655
-0.3198255574442186,-0.006004375870064749
-0.2567251039244517,-0.019858451541681532
-0.3607562714521847,-0.012157788921584256
0.948263753920018,0.024989970654182514
-0.1997783011070678,-0.04407526538854789
-0.2246482421200179,0.028580346954708347
0.2349126481199226,-0.015858664062211147
-0.3465850011624646,-0.020235904147208217
-0.3653651260238864,0.0011461993879766652
-0.3530067569784368,-0.035390496417562645
-0.3443699422478102,-0.021206638744976303
-0.3527833360504458,-0.043815460859779165
-0.2012209619563817,-0.0034711130003639568
-0.3539770421514267,-0.005954320869077989
-0.3331925123931707,-0.017587736576427204
-0.3543600494565543,-0.036341780010046065
-0.3533642304632226,-0.044284840630846034
-0.2756360896151254,0.016256436116531603
-0.362275533762524,-0.0025580762256200984
0.3353563138896273,-0.016248483505266975
-0.264634204775336,0.004351479476667919
-0.1020220699283416,-0.0011399001355449911
-0.3357714282476963,0.01442940655450542
-0.3410058614177731,-0.04653804266913575
-0.3512321564646791,0.016397981521116378
0.3822619418575835,-0.03981831840978067
1.1637277051470738,-0.031724516692756666
0.3010292841675689,-0.02743876472510287
0.0697742609228575,-0.00554920115689761
-0.3032604914974512,-0.04286008985323342
-0.3372523898275229,-0.02947568071409634
-0.2724475537999384,-0.04236977791933505
-0.3476255043413945,-0.006731648572415594
0.5393364294179417,-0.050394463631366904
-0.2674173911925964,-0.036388439323964406
-0.1866826429992477,0.004569883293603638
2.1849783835392214,0.0024668717945139917
-0.1258323573971054,0.00720688216092924
-0.3389631557904261,-0.03181809365687904
0.4917669221210978,-0.03821176097658352
-0.3097524653193635,-0.04948654304737765
-0.0044573424021791,-0.019872839830355815
-0.2008698719266814,0.016038709162787157
-0.2534120907350983,-0.03550858949818192
-0.3615350529726107,0.00038086959893668393
-0.3066437226927447,0.017160174954938157
-0.3557133419346717,-0.01762053709899547
0.1085298126104534,-0.04992387447116897
3.698878591606788,-0.021554498731726213
-0.1232279077222379,-0.04389575678365887
-0.2165093368860571,-0.022811748955858135
-0.2113195879015786,0.0201629624594446
0.1626742786453205,-0.003943586134877108
2.354561251339537,-0.04487236390743732
0.1544715388605052,0.02530810498472391
-0.346061557845457,0.011838922335702051
-0.2725720311741049,-0.0021826615064188815
-0.283152607978254,-0.03817822530104742
-0.3185233326067849,0.019516409055730932
-0.3491894508373321,-0.029020789153017645
-0.3358161124332945,-0.06025537085849564
0.8520618940546009,-0.03321006727687248
-0.3304603936165941,0.004077847629282871
-0.2815886614823163,-0.02115635792225312
-0.361956361008251,-0.0026044203705346547
0.4895710135716997,-0.031149597549864794
-0.291725588158026,-0.021665025419519424
-0.1858879028411081,-0.022088751113393812
-0.108724697768074,-0.0004153523858612118
0.4072180595141872,-0.0061832019514032055
-0.2246961180331589,0.01952167290520812
-0.3013773722472407,-0.025478041000438267
-0.3481680980236586,-0.025464822008952837
0.188425136460064,-0.02318811541083221
-0.1480467810945043,0.02239929803482532
1.7429400775088668,0.006405392226112028
-0.3296879955512534,-0.03623285136789356
-0.2534057072800128,-0.044269060458210774
-0.266855647145076,-0.018815702026625303
3.742579725121844,-0.040402967244798305
0.4289920248106895,-0.007821933751383625
1.644634869192791,-0.01263855995500407
-0.2246961180331589,0.01129606247381254
-0.3624670374150878,0.012914947873532867
3.821057921942482,0.02977446680668905
-0.2936853088692621,-0.03689520836881677
-0.3513470586562174,-0.02047222107262492
-0.3163465744226432,3.725537085585984e-05
0.5916935280288802,-0.02768910252008361
-0.1864751807089703,0.02549237787821923
0.0141983050850761,-0.035117516809924254
-0.2943172709227226,-0.026581533238086763
-0.3316349493523186,0.0017752114071818426
-0.1628180961622575,-0.004592341894630536
0.777107364441136,-0.022989840376844484
-0.3590838062197943,-0.01735261135825006
-0.3445135699872331,0.003226670292374223
0.2598049312256718,-0.04573270062922674
-0.3599264222910749,-0.006986471587541843
-0.3030370705694602,-0.022600754574432003
-0.3391674263531608,-0.05031062647666751
-0.3516789983206613,-0.020670167102387893
-0.3374758107555139,-0.035047358125554595
-0.3579347843044116,-0.03173391737736431
-0.2924405351275975,-0.03896210345396156
-0.226371774993092,0.0007199869312195517
-0.3332786890368244,0.006300301754793125
-0.2343510938499163,0.007779472658736353
-0.3549983949651003,-0.029582863275027904
-0.3504406080340822,-0.03591816751998067
-0.3407505232143547,-0.02555116042152683
-0.3534663657445899,0.009956604932229496
-0.3247663516803642,-0.038516552109371105
0.0734335765505972,0.01653163523067569
-0.3108887203245753,0.005901931289908902
0.4182215402177479,-0.00019964099220892706
-0.3594029789740672,0.002475825229860007
-0.3510406528121153,-0.03295741235624661
-0.1705165429953216,-0.017772808228382786
-0.3236045628548106,-0.016801211899867496
-0.3509449009858335,0.0044025799641964625
-0.3359884657206019,-0.026522480001508697
-0.3439677845774262,-0.011915110132671103
-0.2116259937456806,0.00408168163559175
-0.3210384139104559,-0.046541203467622694
-0.3181020245711445,-0.042403510257802424
-0.3286730261926654,-0.045469439737061634
-0.3444337767986648,-0.007739069167602253
-0.1496586035035828,0.002947059320911549
-0.3002921848827126,-0.03747703238146549
-0.3254270392817093,-0.028106385141914103
-0.2459689821054526,-0.022884109963444033
-0.0428474412861324,-0.04674264888204327
-0.3419506127704211,-0.02081066247638219
0.0434249541938523,-0.0020162542722736987
-0.3316987839031731,0.011173255027571827
-0.1968163779474147,-0.011963053393508005
-0.3604626325182535,-0.008355135442467798
0.4496026054178667,-0.01759599053154126
-0.3485032294156452,-0.031766993068856664
-0.330473160526765,-0.029590977151697118
-0.3512193895545082,0.0016333143681226403
-0.0747647167134297,0.016350551800833557
-0.3044541975984322,-0.028012086011797166
4.419235539363175,-0.014022293908082517
-0.3173360099608893,-0.03097789589848965
0.2029315381417707,0.012732817456353018
-0.3498916308967326,-0.02299300117533143
-0.3431251685061456,-0.00392413101709721
-0.3452955432352018,0.022627199765031136
-0.3101865402651748,0.02958853156885155
0.3949299084746777,-0.026452131834540538
0.2847770075199892,-0.041627067951472085
0.1104512325911767,-0.0010834523749405633
0.0129694899811251,-0.03600754200243372
-0.0861719509511457,-0.01907028779531217
-0.3080097820810331,-0.010197828167676448
-0.3588795356570596,-0.014742391259661147
-0.3634245556779067,-0.012567176044422368
-0.2294837093472535,-0.019448375611695212
-0.2861687905061336,-0.03595444518022184
-0.3604626325182535,-0.016796634220234807
-0.3526045993080529,-0.051163520187630596
-0.2733540044220737,0.0008689994842576709
-0.1797087183183833,-0.025336181296506055
-0.3659779377120905,-0.05094580068623422
0.2955522797042448,-0.024944847013676608
-0.3436677621884097,-0.00888333707369604
-0.3430932512307183,-0.027054336450410332
-0.3619180602777382,0.006053321648447962
-0.3589561371180851,-0.026086339702752426
-0.2199244853567779,-0.012272534465967766
-0.2999985459487815,-0.04310188587234087
0.8648160373153488,-0.02664085063266164
0.4935670564551974,-0.04196157208223461
-0.3180062727448626,-0.047685469471097974
-0.3626585410676516,-0.054156492864919414
-0.3435081758112732,-0.03173075657887736
-0.3098673675109018,-0.024925882222754936
-0.295351390646567,-0.014952960973371177
-0.3321775430345826,-0.05030113268271563
-0.3565304241856105,-0.021670624285238915
-0.273290169871219,-0.030234898346792605
-0.3578390324781297,-0.0016745434129283865
-0.3483883272241069,-0.027031053129887184
-0.2374789868417915,-0.02538344355686384
-0.2087055630440829,-0.046949196978085084
0.174608147927587,0.016993987795299148
-0.3609222412844066,-0.008284293404688725
-0.3366395781393188,-0.013919244691187771
-0.2855464036353012,0.013672724224944588
-0.3592082835939608,-0.05720556376824604
-0.20501911773223,0.007907664107653645
-0.3498916308967326,-0.021010244375412768
-0.3629809055494672,-0.023261170928858377
-0.3136336060113229,-0.029364592945007928
-0.3175658143439659,-0.034964907552531344
0.7564249699642472,0.009138925295346212
-0.3269111925890786,-0.023651689308753276
-0.1815918375685938,0.01647587052195476
0.7271249111219883,-0.020894640044058832
-0.2573315321575704,0.007611590695725923
-0.2335595454193193,-0.03401764537422203
-0.237542821392646,-0.06443676952205735
-0.3494320221305796,0.005209084496586414
-0.2917000543376841,-0.004208451389734691
5.225066950713864,-0.016861351309078287
-0.234248958568549,-0.030521759525656833
0.110435273953463,0.007595402941454665
-0.2981218101536564,-0.02619870063525731
-0.2416282326473401,-0.020115429261466033
-0.3593710616986399,-0.041439424444687845
-0.2827887510383828,-0.021856657039645455
3.701152697480983,-0.049512470648423346
-0.3040584233831337,-0.020280314362821628
0.6849462316448149,0.008386645919502556
-0.2917511219783678,-0.006829683425978672
-0.0581677334912351,0.005873014947166411
-0.3301029201318083,-0.012751973225002544
-0.3349543459967575,-0.037270355075911255
0.2572706995567444,0.012658572530984458
-0.0275909836318842,-0.043922234414436545
-0.2151496609528543,-0.0059078040500839535
-0.3628372778100445,-0.033787392776906344
-0.2806311432194974,-0.020065067739354348
1.3692877258090397,-0.04793568039791829
0.5458347866949395,-0.01805495021874748
-0.3033051756830495,-0.013939164294979989
-0.268071695338856,-0.02889157697037703
0.6829928943886643,0.0024370653317991042
-0.3608967074640647,0.0069510714368004045
-0.2964621118314369,-0.01585591819181964
-0.2087215216817965,-0.020601352682781737
-0.3491894508373321,-0.041074007256169054
-0.0568655086538013,-0.01739303470621678
-0.335184150379834,0.004354640275154864
-0.3118781558628215,-0.029143069824074885
-0.2533737900045855,-0.02763715472745254
-0.0312806206712798,-0.033930352255271856
-0.3510693783599999,-0.009602418302881333
-0.3523939452902327,0.016285843164215663
-0.3437635140146916,-0.008340226847945331
-0.2246961180331589,-0.0025485938301592626
-0.2278080523873204,-0.009496176670506173
-0.2151241271325124,-0.022603943238156177
-0.2707367878370353,-0.020078356872312852
-0.3358480297087218,-0.012272107860351156
4.989996217191819,-0.03538389622474014
1.8084183680479675,-0.024391223267192785
-0.3515002615782684,0.010629544504462629
-0.2597680969636903,-0.01147913745049145
-0.3626457741574806,-0.04169814385396897
-0.2522503019095446,-0.012334909668489047
-0.3592274339592171,-0.027263302576583825
-0.3126441704730767,0.004400998218951457
-0.1703378062529288,0.00408106264012531
-0.3506097695938469,0.025519028529593868
2.226904916540519,-0.040157539119356045
-0.3562495521618503,-0.017002804735469113
-0.1768042462544992,-0.027534614244741462
-0.3171062055778129,-0.013446606669027972
-0.2155837358986655,-0.0008371682616470366
2.61898949479961,0.01897871038152843
6.581978847864725,-0.0031282405774533117
1.0894338631349538,-0.03748900165660096
-0.308577909583639,0.014733661783974838
-0.3530322907987787,-0.018771986614094516
0.1184784273611419,-0.04401667783145591
-0.3496235257831434,-0.03805093578624863
-0.3613052485895342,-0.00048671980699843687
-0.1000112815764219,-0.03279068472839697
-0.3103652770075676,-0.012664985076048296
-0.3470956775693014,-0.007815612154409735
-0.1609254017294188,-0.006751486664086315
-0.2917383550681969,-0.011221451752007283
-0.0563388736092509,-0.04194744174472298
1.4324807394275458,-0.01935941868784319
-0.1688728033108158,0.0012230544889675343
2.1306551807619614,-0.02104711819449534
-0.3485032294156452,0.02017609431581846
-0.3347756092543646,-0.00184362225995649
-0.3635937172376714,-0.053796427928153534
-0.3448167841037924,-0.002554915427133153
-0.2456115086206668,-0.017051821316925952
14.153972627413433,0.0017729866105717917
-0.3134038016282463,-0.01962388754492217
0.1879782946040818,0.0029134417968581516
-0.361142470484855,-0.02370947549318636
-0.335184150379834,-0.007986720563074812
-0.1130016126753318,-0.0465099409043912
0.4750263111594803,-0.0192010637226403
-0.3610371434759449,-0.041274462778938315
-0.3613531245026751,0.007218424079248109
1.1426303860896303,-0.002875984942251719
0.5733762036611544,-0.03087499856468945
-0.2197648989796414,-0.04871914681438838
-0.3406037037473891,-0.022002872685494168
-0.3534025311937354,0.013823718933421603
0.8190275139873484,0.009874474193201976
-0.3640820515517091,-0.01827425742747657
-0.0605934464237096,-0.029462551578417262
-0.3576954047387068,-0.06428644196624944
-0.3593279733768131,0.008015592565229213
-0.2737370117272012,0.006906317395891648
1.1177540616215949,-0.03520002121618937
0.1474050540809015,-0.001977464721742095
-0.3366300029566906,-0.05786340866014861
-0.3248429531413897,-0.02925315233909309
-0.2940204402612487,-0.036294313917995424
0.0503765367819176,-0.018549590598350818
-0.3542004630794178,-0.03536359164313829
-0.093490582206625,0.012131827919469984
-0.3454487461572528,-0.01643118351644368
-0.2932065497378526,-0.03267095736019243
-0.335184150379834,-0.0076659022352707495
-0.3572645215204383,-0.03818398993025873
-0.0716368237215545,-0.02524866505092227
0.0835768866813923,-0.01513181297544719
-0.331842411642596,-0.022793870870653876
1.0449060721863317,-0.033679341929815365
0.974751900797132,-0.046564019282829605
-0.3528663209665568,-0.007669063033757695
-0.295823766322891,0.009445382345086628
-0.2692558262572087,-0.03173059584172577
-0.2940204402612487,-0.01195357099804717
0.2051497887839678,-0.04540897396650578
-0.3475935870659672,-0.022556863212990663
-0.3290815673181348,-0.007239349042084342
0.0146930228541992,-0.0031886749245888524
0.3112954758087592,-0.038532738829479385
0.2169974814225806,-0.016753819676701198
-0.3222353117389795,-0.02030469043885219
2.695744158747175,-0.0452773487920517
-0.2345585561401937,-0.05160930050330492
0.397713094891938,-0.03953197111548867
-0.3265026514636092,-0.026861502007498927
-0.1643820426581951,0.012735978254839964
0.9890061560029628,-0.0035644062985369374
-0.1842792721595723,-0.019809489512066847
-0.350146969100151,-0.03969020999810802
-0.3604115648775698,-0.033419212707251233
-0.3423751125336041,0.005502695672287672
0.2695460836860829,-0.05316507655093794
-0.3428442964823854,-0.03769176761712778
-0.3544877185582635,-0.012122048911248129
-0.3402781475380307,0.0024012995509625767
0.5954980672598141,-0.02583570433315785
0.4027432574992802,-0.026635708786574952
1.0423399232419766,0.014053419488815777
9.7733584922923,-0.018879186911611612
-0.3044414306882613,0.004037669755449613
0.1599916316456562,0.008191731483668363
-0.3101865402651748,0.016098406205671267
-0.2901744085722593,-0.01730556795826743
-0.2790352794481325,-0.03085366625334629
-0.3304859274369359,-0.02245026899866076
-0.3453721446962273,0.00040467190469684056
-0.1449188881026292,0.004373873901252878
0.1214946098890215,-0.02345545046630093
2.1499012978446213,-0.030147471730812114
0.2848663758911856,0.014339939050209694
-0.3292603040605276,-0.02049913410487747
0.1583399126422935,0.006089720861353953
-0.3646278369615158,-0.01751600045642121
0.0386285856290151,-0.03320374567989859
0.3465816196574078,0.004798146323206964
0.0807043318929355,-0.014480869918077843
-0.1544621534553911,0.024010130024947784
-0.3413058838067896,0.024500553816059423
-0.2963982772805824,-0.02957655642937773
-0.2065511469527403,0.010247466355359336
0.9765903358617444,-0.018025934642375674
0.6895901952194866,0.005714970931983032
-0.3047478365323633,-0.017568921361082346
-0.3299241833894154,-0.020953051719320825
-0.2100684307048285,-0.039465038472084046
-0.3304859274369359,-0.03127861997027637
-0.3493171199390413,-0.02490502036154041
0.0625785111777734,0.004627465176026746
-0.1261515301513784,-0.03461757280345523
0.0331156742308352,-0.05965756557751156
-0.3382099080903418,-0.01667018944400489
-0.3576954047387068,0.011992683029257378
-0.3269111925890786,0.012604016982304955
-0.0491830204584509,-0.020703701013189857
-0.1210766833584381,0.004520746040522994
-0.3117824040365397,-0.03594812358324795
2.1736956266756717,-0.024908181160027354
-0.3486564323376962,-0.004360125707075113
-0.2075661163113284,-0.017733318677128906
2.2500577081354804,-0.026657909941308233
-0.3555154548270224,-0.04176418646138558
-0.1026604154368875,-0.04010606810361317
0.4675800108022919,0.02974759970523344
-0.2966919162145135,-0.03639299830651943
-0.3151656352318331,0.010607045828972872
-0.3434571081705895,-0.007921862407430424
-0.3554835375515952,-0.0050409269291336045
-0.2713751333455812,0.009032658968930463
-0.3039626715568518,-0.044161461493994025
-0.1921692226452002,-0.02613449573930282
-0.3133144332570499,0.009644013701210596
-0.2953769244669088,-0.005580675478400465
-0.3070905645487269,0.02415302759613347
-0.134718126876065,-0.034849180644048516
-0.281486526200949,-0.03665418072594129
-0.3608967074640647,-0.010199500669559214
-0.2806630604949247,-0.040028974900108594
0.0302909953555194,-0.03939674939747029
-0.3269111925890786,-0.0245156079689135
3.7391901104714647,-0.0016935082038500582
1.2340095456379825,-0.0527516478843868
-0.0475552394116587,0.006636901968576581
-0.3369172584355362,0.0158439610835881
-0.3579347843044116,-0.022387637294992047
0.4079010892083314,-0.028978776701153564
-0.2343510938499163,0.02328083652482249
-0.3344692034102626,-0.027394323550433697
-0.3524577798410873,-0.00967668616743822
-0.1950034767031442,-0.03839962696446442
-0.3022455221388632,-0.006491548998004859
-0.3404600760079663,-0.02378466368660348
-0.2455221402494704,-0.018257446271553235
-0.3496873603339979,-0.0074593281483288365
-0.2374789868417915,-0.015796924114708233
-0.2540121355131315,-0.03905403907297611
-0.2352447775618806,0.004687825617756047
1.929739123674667,-0.04587235215249308
0.1659681414694176,0.00636788721974213
-0.2496203184143353,-0.017304085924024548
-0.332196693399839,-0.02018056819106029
-0.2502139797372831,0.013924344779718822
-0.2485223641396363,-0.015490504504933611
0.1794244647895661,-0.04444421514224217
-0.2614169434122645,0.028338533079937278
-0.351730065961345,-0.0410810332666518
-0.1768361635299265,-0.020475381871111864
0.8955906742823491,0.011807512326722502
-0.360232828135177,-0.03855170362040106
-0.2620233716453831,-0.008682056627792534
-0.2935895570429802,-0.0519315942199583
0.2271088742779483,-0.014884624767445231
-0.280235369004199,-0.04169182225699508
-0.2797374595075331,0.0008326339713295994
-0.3302433561436884,-0.045001814936977524
0.3740560103452253,-0.018420808434209235
35.75965408922524,-0.007516401977811782
0.6497191347557068,-0.04141147477705687
-0.3282836354324523,0.009699390633217675
-0.3562750859821921,0.012381161137907881
-0.0854490246627175,-0.045908515984818266
-0.312356914994231,-0.007543362828188904
-0.1755211717823219,-0.018475912868648692
-0.1155294608891738,-0.014756537534342584
-0.2374789868417915,-0.01932137076603979
-0.3434571081705895,-0.015580149077111471
-0.3494064883102377,0.002490964084488567
-0.2932544256509936,0.0049078918325005105
0.0284078761053088,-0.006596428781543651
-0.2445167460735105,0.01368345811158811
-0.3444976113495194,-0.0009883703890913864
-0.0748923858151388,-0.04194181329711277
-0.2406707143845212,-0.019358610496855277
-0.336920450163079,-0.027941796476181224
-0.2045020578703079,-0.008052117417214788
-0.2565814761850289,0.007756950651103267
-0.2037105094397109,-0.012712687390276756
-0.2658215274212315,0.0012390954948493516
0.3896795166668873,-0.025795684663993512
-0.2917128212478551,-0.033385152658956585
-0.335184150379834,-0.04950298825296251
-0.3429974994044364,-0.0503169480736414
-0.3512193895545082,-0.025648867403271325
-0.2206266654161785,-0.02135524936867661
-0.1382800948137514,-0.016858190510591342
-0.3432017699671711,-0.04872716777507158
-0.332196693399839,-0.036474373829886275
0.0637562586410407,-0.03539935565448715
-0.2997655498381622,-0.0043894894381626415
0.3210988669562535,0.007143548537644762
0.1142749221873668,-0.015859078990306585
-0.360232828135177,-0.005305910186732987
1.6996123761163109,-0.06144647579359841
-0.3627894018969035,0.004746529830153889
-0.3075693236801364,-0.036533790094267715
-0.1691249497866915,-0.03880170441953723
-0.3300135517606118,-0.013716318436408415
-0.0625084829493475,-0.015012933152767971
-0.3626074734269679,0.013571361771516521
0.7062893137230487,0.012478725439809324
0.002602758922339,0.03282418089036376
-0.1758531114467658,-0.025780595355287872
-0.3498916308967326,-0.005149210359755685
-0.3260175088771143,-0.0510262259886467
0.7490712297057981,-0.04317216585140393
-0.2890700708424749,-0.023833854673670274
-0.2291677283205232,-0.000888060736059515
-0.3582443818760564,-0.035540709261125514
0.1142749221873668,-0.021401968947833083
-0.3629138792710699,-0.023648449584678488
-0.30289663455758,-0.03664643353658903
-0.0686365998313886,0.019394393842040003
-0.335184150379834,-0.03338199186046964
-0.3300263186707828,-0.01328051651972828
0.2062030588730687,0.01650146338124081
0.3992706579327901,-0.038804865218024176
0.391265805255624,-0.007484396540565541
1.061490288498355,-0.007490492998508458
-0.2938768125218258,0.021366376788233055
-0.3572836718856947,-0.023478213347461363
-0.3208501019854348,-0.011582027381088267
0.0091458003849349,-0.02298667957835754
-0.2473222745835699,-0.05979409378766398
-0.2266015793761685,-0.06296838899719504
-0.3539898090615976,-0.005822460967442211
-0.0236077076585575,-0.027173516885394378
-0.268295116266847,-0.023689413041960705
-0.3452444755945182,-0.014180013878522857
-0.3352096842001759,-0.05018915816235392
-0.3292603040605276,-0.034205695799773395
-0.3523333024669209,0.000607926498119582
-0.1449827226534838,-0.035547030858099404
0.1420174179887737,-0.0022702416121429536
-0.0637085725054139,0.005318597462183661
-0.2018593074649276,-0.04134765500461235
-0.3450402050317834,-0.010290902642831057
16.3882457418751,0.0010734213920002844
-0.3151656352318331,-0.030992865262222224
-0.2596934105391904,-0.0012489309425163242
-0.3600030237521004,-0.013567500369813246
-0.1349989988998252,-0.04104200714246353
0.0709695628876099,0.013611075802630879
0.1964682898677429,-0.032003908057987474
-0.3206554066053283,-0.008142936687516311
-0.3285389736358707,-0.03623917296486745
-0.351883268883396,-0.011216335738748029
-0.3639862997254272,-0.056015561011271586
0.0654223404183456,0.004719364068725085
-0.351883268883396,-0.04828742961644217
-0.3445295286249467,-0.022832265026409004
-0.3544877185582635,-0.0039023665301733956
-0.0542482920687629,-0.021153197123766176
-0.3538749068700593,-0.0442340193355939
0.0374564236889477,-0.040396645647824414
0.5101369099932789,0.0025995964577809616
0.4818725667386357,-0.051023065190159755
-0.3311881074963364,-0.04218182656418534
-0.2853868172581648,-0.010723623677430183
-0.3588540018367178,0.02082439806804892
-0.2907553029850362,0.008937461726407747
0.1156697071235397,-0.0354025164529741
-0.3505810440459623,-0.00898032758569478
-0.0978568654850793,0.0023586932277535055
-0.3444146264334084,-0.01667027127765941
1.5374486789890698,-0.043391746485553995
-0.1931075905427627,0.022330618781028377
0.4647010725587497,0.023388514682700645
-0.3636160593304705,-0.01571202818577966
-0.1896030737008455,0.027452775564329457
-0.3469552415574213,0.016344230203859667
-0.1003942888815494,-0.037548406794499556
-0.3546409214803145,-0.003726213052761551
-0.2317977118157325,-0.009731841371843686
-0.3138889442147413,-0.03488323402878102
-0.350146969100151,-0.002415620629692583
-0.1928586357944298,-0.03876755709437241
0.2349126481199226,-0.019259155439666387
0.7597762838841136,0.01787211668544053
1.9419762070734927,-0.047452759344635
-0.2901680251171739,0.008260933835188666
-0.3524130956554892,-0.00950565906596701
-0.3225066085801115,-0.03246059707639759
-0.3486564323376962,-0.002482645063290434
3.9261455512868575,-0.02080573967580257
-0.3592753098723581,-0.03968072760264718
0.1360169702084418,-0.023005547160211748
-0.2406324136540084,-0.016693038481012223
-0.2187754634413952,-0.03650883699624785
0.7269972420202793,-0.036335458413072175
-0.3310221376641145,-0.015156604980099075
-0.2595785083476521,0.00845343033313739
-0.3306774310894996,-0.054934755739665775
-0.3542579141751869,-0.036626558237530915
-0.0320594021917058,0.026663505974344304
-0.2662683692772136,-0.016866538993497215
-0.3559048455872354,-0.04240819535852047
0.0911891568708027,-0.04140831397856992
-0.3070905645487269,-0.001089773971914454
-0.3121526444314963,0.0012298708223017485
0.1458985586807331,0.007542969848937986
-0.3406515796605301,-0.01465053558553464
5.068295677270066,-0.017260712254010713
-0.3438911831164007,-0.03518358203417904
0.0069945760211351,-0.0024182841446993564
0.4981822944819847,0.01771541420648859
-0.3512193895545082,-0.029553683331510427
-0.2610722368376497,0.014352582244157475
0.3088043324616586,0.0276730236487559
-0.3660290053527742,-0.016999643936982167
-0.2723326516084001,0.003241780928656013
-0.2725560725363912,-0.010393407304611912
0.0170293674154774,-0.02870843895487951
-0.3352990525713723,0.013992238383210065
0.1278461476990537,-0.004847466104266118
-0.3174636790625986,-0.0380013718683081
-0.3341564141110751,-0.044821639894513154
0.2214658999824022,-0.03768934082187769
0.9813906940860097,-0.04273819253064559
-0.2916872874275132,-0.006883506661027994
-0.351730065961345,-0.06336318011046416
-0.2753967100494207,-0.030817684325805672
-0.3367161796003443,-0.012338070466975992
-0.3478042410837874,0.0010432143420224804
-0.1573666255192752,0.00407474104315142
-0.3561793341559102,-0.04641208183235612
-0.3561314582427692,-0.014708096718646146
-0.366054539173116,-0.02346483203219485
2.8297073471706278,-0.023520622601395758
-0.3557133419346717,0.014414543942999458
-0.0284527500684212,-0.03474328072715949
1.952891915269629,-0.02629348512326324
-0.3032030404016821,0.02755739687765235
-0.2406483722917221,0.015471842919748013
3.965978311020125,-0.004472438822086033
0.1774455937130737,-0.010036578197532009
0.4977131105332033,0.0021091716539594074
-0.298185644704511,-0.03793447755207957
0.695207635694691,-0.03647121303139933
-0.3282836354324523,0.020683478417822698
-0.3529748397030096,0.005212245295073359
-0.3269111925890786,-0.02646724453089533
-0.0724411390623224,-0.05492527334420494
-0.3165699953506342,-0.023517461802908812
-0.2711836296930174,-0.01855157899260007
0.3619402125930232,-0.054096544780229294
-0.3456306746271885,-0.017321371950702158
-0.3600030237521004,-0.031804602580185914
-0.1372204412695651,-0.04027213929746942
-0.3568495969398835,0.001510785703457529
1.3724634947140557,0.0011648765554284068
0.0442994875405602,-0.005258892975163576
0.2588027287772546,0.014294770966769121
-0.1590007900211528,-0.0421912913817728
-0.3454998137979366,-0.02037258441546541
-0.3469041739167376,-0.03918559012221401
-0.3051563776578327,0.010216356433039309
0.5700440401065445,0.0013034714691766425
-0.2713751333455812,0.02641405353717552
-0.1410888150513535,-0.001228540191247518
-0.0311529515695706,0.01786177341012163
2.3519695685748405,-0.0008901500422346942
-0.0331924654693749,-0.0039118489256342315
-0.2398408652234114,-0.009140585886838082
-0.3204000684019099,-0.010287741844344112
-0.3594987308003491,-0.031539781084823915
-0.3409547937770894,-0.0072954823535109625
0.2444591052002272,-0.006445583472391547
-0.3267101137538866,-0.04710183940320256
-0.2279676387644568,-0.053150490055017485
1.2914095737664342,-0.03789269420275865
-0.3475935870659672,0.002832704678246145
-0.2882912893220488,-0.036350608801170026
-0.3189957082831088,-0.010680283867337437
-0.3508874498900643,0.012059241109954044
-0.0052808081082034,0.0008208021447533298
-0.3435241344489869,-0.025893961211874483
0.3740560103452253,0.004997353852488118
-0.3184084304152466,-0.05317819892607645
-0.2150985933121706,-0.03789281056995719
-0.227776135111893,-0.05153250813995491
-0.2375109041172187,0.01860407531733088
-0.3165699953506342,-0.031046146158240973
-0.335184150379834,-0.001209427996050394
0.9784734551119546,0.02944915531975667
0.1119258107159178,-0.031517690978903445
-0.2534376245554401,0.009950283335255605
1.786331613452277,-0.004963109089700879
1.0099758059586972,-0.04009120549829959
-0.0559973587621788,0.0019606153066042964
-0.2590039973899608,-0.0037249698522128227
0.8498149178645193,-0.02408213607861498
-0.0763286632093672,-0.03333824225967419
-0.1487808784293322,-0.010902378686720837
-0.0949236678733106,-0.048979592579005526
-0.161691416339674,-0.04239718866082853
-0.2956194957601563,-0.032570852685692486
-0.2749498681934386,0.010633726118379982
-0.3181658591219991,-0.022157622743009142
-0.3539898090615976,0.00015217607308670722
0.6051690017142852,-0.018123476645058645
-0.3350820150984667,-0.047742708109376863
-0.2554803301827871,-0.028342094564875353
0.3052710900718568,-0.006749834578618774
-0.3022550973214914,-0.04326424556684039
-0.3590838062197943,-0.022327523820539596
0.7970237443077696,-0.010899217888233892
-0.3577305137416768,-0.04027846089444331
3.547064071036848,-0.032912413442169
-0.3055649187833021,0.0008399253551836239
-0.3449444532055016,-0.04282798155463219
-0.1697345697473529,0.01420842051158111
2.18200688519694,0.004224117981143749
-0.1619307959053787,-0.0027970022272860717
4.10639836426252,-0.028981129403790717
-0.3449763704809289,0.00962464177051281
0.9944799687387442,-0.017405280843009407
-0.3495086235916051,-0.02513647487750248
-0.3062287981121899,-0.04194497409559972
-0.3409069178639484,0.020928299024291164
4.112654150246271,-0.00807442573238859
-0.2624797886839935,-0.02836863568163217
-0.1389024816845837,-0.028878090929735478
-0.3434571081705895,-0.028571074321353862
-0.0174412900460037,-0.029438133823198598
-0.3495086235916051,-0.018538831630504404
-0.3496522513310279,0.0032629881353454238
-0.2326594782522695,-0.07224515186137204
-0.3132122979756826,-0.0035044880838430714
0.0855302239375428,-0.026783754461661147
-0.3322413775854372,-0.0032779946873997545
-0.2945470753057991,-0.001207630341447441
-0.272677358183015,0.0031072337446342857
1.4113834203701023,-0.032106553086931555
-0.1874199320616183,-0.03282411024979304
-0.3423591538958905,0.023528124147874863
-0.3390908248921352,-0.03995520583385925
0.5537566544559948,0.030545661614088004
-0.3261834787093362,-0.0006042128963112958
-0.2662683692772136,-0.029409144608392168
-0.3409547937770894,-0.055433122549692015
0.1918402849307849,-0.013571925546186137
-0.3409547937770894,-0.003615630679890458
1.062141400917072,-0.038076207535706175
-0.3022455221388632,0.026976462126675926
-0.0794884734766697,-0.003081094910672988
-0.2113578886320913,-0.018633382553645106
-0.3341244968356477,-0.04150706546944605
-0.2885147102500399,-0.039996816925153666
-0.1242045763503132,-0.01098684510237291
0.493442579081031,-0.02434357745921467
0.2942883555973238,0.021868933412626745
-0.3334861513271018,-0.0047865194121303745
-0.2934746548514418,-0.01425228025802383
1.0422122541402674,-0.019290489283996237
0.3989195679030899,-0.02615025415756378
-0.2501820624618558,-0.04609824286769637
-0.1730188573888218,-0.04112360278717908
-0.3495469243221178,0.006274311797069387
-0.0964173963633082,-0.022983518779870593
-0.3503512396628857,-0.011219496537234974
-0.3369842847139336,-0.03432972108840815
-0.1640692533590076,-0.03157103170656406
-0.2904233633205923,-0.022887270761930978
-0.3469041739167376,-0.008670766135164598
-0.2784288512150139,-0.020438274055011973
-0.3156890785488409,0.0069968878875243945
-0.2855464036353012,-0.0378895334042717
-0.2565527506371444,-0.043363006921989466
-0.2374470695663641,0.0013893750137672356
-0.3045690997899704,-0.03139452183703462
-0.3581135210468044,-0.016213799370369486
-0.3572453711551819,-0.003025946114130207
-0.342435755356916,-0.020991482562795483
1.01477297245542,0.024084653151971835
-0.2358990817081402,-0.027845193180160877
0.1754411888162395,-0.03267203866663415
-0.1742189469448881,-0.03153662028633697
-0.3246131487583131,-0.003308868819683397
-0.3021689206778377,-0.017639501889917142
-0.2884827929746126,-0.05947205224832075
-0.1508235840566792,-0.03707384515041667
-0.2514587534789477,-0.05425907325815871
-0.3316349493523186,0.005125646336122003
-0.293768293785373,-0.015705706588805768
0.2277312611487807,0.004649047158842734
-0.2088970666966467,-0.03798833311736338
-0.239025378836244,0.009451703942060519
7.07441134006724,-0.009440629373385079
-0.3301667546826629,-0.039070827057109625
-0.3614137673259869,-0.01235640977841257
-0.0560611933130335,0.008624286572331386
-0.3589561371180851,-0.03710321374338044
-0.3391291256226479,0.01713566956640733
-0.3363906233909859,-0.03855802521737495
-0.2700633333255193,0.010581891641646024
-0.3604402904254544,0.006281469612897439
0.0673469521266116,0.016844144330224964
-0.335184150379834,-0.015764323467132968
-0.3585348290824448,-0.016269274820070123
-0.2804907072076173,0.02129150006965297
0.2205498741776388,-0.01981476667337745
-0.3363906233909859,0.018943897620543382
-0.2929831288098615,-0.02514129773801521
-0.3401249446159797,0.012798612663303288
-0.3655693965866211,-0.0063430630994130155
0.1001419526281596,0.027093374568568862
-0.3372523898275229,0.012911787075045922
0.399615364507405,0.028586668551682237
-0.3577432806518478,0.018196878718645948
-0.3475935870659672,-0.024651201121370647
-0.2935257224921256,-0.03853589962796633
-0.3551484061596085,0.0019170873176079795
-0.2831909087087667,0.024398826473074564
-0.0734369580556541,-0.03768618002339075
-0.3120760429704707,-0.018727045515122498
-0.2595019068866266,0.02424923749159902
0.2572706995567444,-0.0016840258083892223
-0.3427676950213599,-0.03785939122899151
-0.0412037016016265,-0.03592730835802804
-0.2580337122169709,-0.0016916299266132029
-0.2113195879015786,0.012859043746775711
-0.326799482125083,-0.04295022729838216
-0.3620329624692766,-0.0011327577500228614
-0.3187244114419768,0.030785193459538007
-0.2406707143845212,-0.004125492336772396
-0.3390397572514516,-0.040261580696826726
-0.0314848912340145,-0.02714995510564755
-0.2266143462863394,0.020289178612756587
0.7576761271609973,-0.010866972021577936
0.321022265495228,-0.04794200199489218
-0.3488958119034009,-0.031263915766304606
-0.2974196300942558,-0.03788528081634368
-0.3448646600169333,0.009512910296658461
0.3138281116139153,-0.04159670016930406
0.85355721840837,-0.03398906452406436
-0.3045052652391158,0.016039664794362807
-0.3301029201318083,0.023210730917314848
0.46150934501602,-0.031590008555776095
-0.3415420716449516,-0.001581964399345992
-0.1133080185194339,-0.04214380622075886
-0.3447210322775105,0.010627404521407868
-0.2125707450983286,-0.030451124497590243
-0.304952107095098,-0.03706707906883189
-0.2281591424170206,-0.0265738646271636
-0.3617552821730591,0.00803103988446452
-0.3044669645086031,-0.021666454379998257
-0.3314498291548403,-0.03251423619551552
-0.1389503575977246,-0.05341998238394652
0.5314847796628266,-0.007687970166010416
0.0657734304480458,-0.0426696444661534
1.6730970995550831,-0.04267526406362876
-0.2993538169851501,-0.014946639376397286
-0.0365820801197539,0.004914213429474401
-0.362275533762524,-0.008217287198242218
0.174253866170344,-0.023164221274655006
-0.3274474028162571,0.027602508331431963
-0.3628117439897026,-0.023318400858780564
-0.350146969100151,0.023704443586083812
0.6836663489001803,-0.017217195042739775
-0.3460934751208843,-0.007750979769529209
-0.2408111503964013,-0.04561037050118699
-0.3551484061596085,-0.013526459728579354
-0.3527514187750185,-0.04160618256476489
-0.177385140667276,-0.05431555569325219
-0.3432017699671711,-0.03696799866578537
-0.3525726820326256,-0.0358931250687089
-0.347325481952378,-0.010712204844345763
-0.3528535540563858,-0.02045861272686267
-0.328618766824439,-0.047289035290276615
-0.2088970666966467,-0.03585216852345141
1.8338883538389503,-0.009577513889796663
-0.351730065961345,-0.012785300545459677
0.0146930228541992,-0.0035076488823300167
0.1228925865527371,-0.035297981458526806
-0.3364608413969259,-0.04948755951172856
-0.2415005635456309,-0.008248884580414284
-0.3388610205090587,0.005616499468393599
-0.3434762585358459,-0.0357174869611665
-0.3600030237521004,-0.027448247120563707
0.0178592165765871,-0.05093947908926033
-0.253450391465611,-0.03359520906739277
-0.2415005635456309,0.012729656657866073
-0.2381492496257647,0.00925881444146448
-0.3136336060113229,-0.04780259675744958
-0.3584454607112483,-0.018509852933371818
-0.1626489346024929,0.018395060766689397
-0.1241231872979736,0.006023832656897099
-0.1210766833584381,-0.04453497669650197
-0.2955301273889598,-0.018719395245282655
-0.3225193754902825,-0.033321236402466425
-0.2513310843772385,-0.04709214391997918
1.1637277051470738,0.008027879085977574
-0.3520620056257889,-0.026903780411206668
0.3267290743416288,0.01020908983712765
-0.3482702333050259,-0.024050822887614842
-0.3316349493523186,-0.04157147685069695
-0.3503512396628857,-0.02896801906899782
-0.3555601390126207,0.0040420595991790265
-0.3459658060191751,-0.03778615443502353
-0.2702899459810531,-0.031810924177159805
0.2881538552601972,-0.041150842417494005
-0.356913431490738,-0.03963662270910007
-0.3620808383824175,-0.026355455681315476
2.7465947619579447,-0.024040356573097554
-0.3439231003918281,-0.033601219681541394
-0.3557133419346717,0.0029436569595748807
-0.2917064377927696,0.012638148616726852
-0.0713687186079652,0.007263106422781718
0.3464475671006131,-0.010073253182603992
-0.2934874217616128,-0.03343237455869108
-0.3032030404016821,-0.008689671466969529
-0.1808322064134241,-0.0266725975786386
-0.3397100200354248,-0.023722325241566367
-0.3510789535426281,-0.0016639854483582184
0.0178592165765871,-0.025852240982425556
-0.3130590950536315,0.013715108558859157
-0.1952843487269044,-0.027877714187473757
-0.3369970516241045,-0.03908684464066958
0.1780998978593333,-0.023159668224449703
-0.266300286552641,0.0001403959166772495
-0.3432017699671711,-0.046849105693011595
0.0194231630725247,-0.05427846832947303
0.8592368975706575,0.011593308515140066
-0.3600413244826132,-0.006989570452843097
-0.3543600494565543,-0.02326883015656378
-0.3572645215204383,-0.023095290650271494
-0.358732716190094,-0.049475455208627395
-0.2848569904860716,0.014177169810999146
-0.2797055422321058,-0.04302397453185591
-0.349202217747503,-0.0071681898850162185
-0.3481297972931458,-0.013922375331780756
0.6370384012284417,0.0005744489346621862
-0.3223917063885733,-0.029256313137580037
0.1812948171296058,-0.025027374324039897
4.227735078526934,-0.03706579117803699
1.195590721206145,-0.024445762200118182
-0.3340351284644514,-0.04039190974886253
-0.1155294608891738,-0.0025930214769243065
0.6489914208759645,0.003110394543121231
-0.3526045993080529,-0.015022415548228807
2.231098846531665,0.04357649649508488
-0.2343830111253436,-0.012216332895642168
-0.3488447442627173,-0.020329488375855576
0.1874165505565615,-0.030212226887845972
-0.3517428328715158,0.0026051187002771314
-0.3638394802584616,-0.05641038599518744
-0.3416569738364899,-0.042115515505470213
-0.3377311489589324,-0.006914050482500045
-0.3635362661419022,0.018542741951774744
-0.2894275443272606,-0.021306139679104774
-0.3135825383706392,-0.029779247889079485
-0.3368693825223953,-0.0357530532223862
-0.3171062055778129,-0.03249502408916172
-0.1628180961622575,-0.04736823575819926
-0.0615190474111013,-0.0012606546176421318
-0.3635011571389323,-0.011163722346648086
0.003652837283897,-0.03938077788256855
-0.3223406387478896,-0.023642127987704598
-0.3048882725442434,0.006226851083869889
0.0548992147099657,-0.030360042204986115
-0.3493809544898959,-0.04484843979496844
0.3516756168156044,-0.020369423616978466
-0.3444976113495194,-0.041958837218011524
-0.3165699953506342,-0.016421701120982846
-0.3438911831164007,-0.0007065815903075645
-0.3579603181247534,-0.021013405173899713
-0.272830561105066,-0.03913907107557435
0.8419505011992331,-0.026243075264803295
-0.3554835375515952,0.017996539910001275
-0.1848314410244645,-0.021563413064932035
-0.3647267805153404,-0.03633407470026029
2.3524962036193915,0.002251695769448503
-0.2846527199233369,-0.023697747758392396
0.2039688495931578,0.0043029087353261275
-0.3517045321410031,-0.0006010520978243505
-0.3487681428016918,0.006768630835068734
-0.3475935870659672,-0.028090581149479377
-0.2749498681934386,-0.021394932817376144
-0.304632934340825,0.0031307219879632697
-0.3597859862791948,-0.010033829010851036
-0.0044828762225209,0.011670929674728825
-0.0950641038851908,-0.052723544311556125
-0.351730065961345,-0.013437124273567136
-0.3465977680726356,0.005386713065274051
-0.3616403799815208,-0.02368782947728576
-0.3546153876599727,-0.02370090855687934
-0.3281176656002304,-0.031156108958411366
-0.3033243260483059,-0.01586223978879353
-0.3544877185582635,-0.0319026437594605
0.7431154661110643,-0.025242316777449147
0.3998451688904815,-0.03778931523351048
0.062559360812517,-0.02167450781498026
0.5302336224660765,-0.042650150071620985
-0.3440316191282808,-0.030759112051244486
0.2054354483990421,-0.015389755497860591
-0.2993729673504064,-0.03503565669578279
1.0670917703358456,-0.035378164364114895
0.1377053940785458,0.004885494390878264
0.0528405504449049,-0.012853802418092641
-0.356607025646636,-0.045925280192912865
-0.3364863752172677,-0.04571341554594177
-0.3498916308967326,-0.040409919361628965
-0.3546409214803145,0.003993362436904846
0.2068414043816146,-0.02379902744822182
1.7040329187629912,-0.04040675856314202
1.240265331621733,-0.025527095603436578
-0.0197776346072818,0.00700004868601134
-0.3459977232946024,0.02910971879677149
-0.3498916308967326,0.005993719513725182
-0.2009496651152497,-0.025599668287576094
-0.3585731298129575,-0.010794098140658903
-0.0379321808703286,-0.001081154468492329
1.6308689483009975,0.025145371277305983
-0.2556718338353509,-0.024590212757894747
-0.3231449540886575,-0.04476887578453592
-0.2850740279589772,-0.006419271843693508
-0.2901744085722593,0.012527278574987477
-0.3507533973332697,-0.011883248911354727
-0.3475217731962558,-0.02732348184659017
-0.3435720103621278,-0.03840278776295136
-0.3111312916178228,-0.025420483618667333
-0.1819046268677813,-0.002295740801981694
-0.2587997268272261,0.00120966372134923
-0.3087183455955191,-0.042314240159591066
0.1295952143924696,-0.044608181876366615
-0.3081438346378277,-0.05418126117752031
-0.3604243317877408,-0.003625113075351294
-0.2891722061238422,-0.020511508407315304
-0.320706474246012,-0.0023408804941293937
-0.0735837775226197,0.019546373660174865
0.0019324961383657,-0.00828105367733123
-0.3349543459967575,0.0165077849782147
0.4582218656470083,-0.025219020362195366
-0.0300166965643588,-0.013664018815955359
-0.363067082193121,-0.003933613412558046
-0.353195068903458,0.018299764785423278
-0.2726629954090727,-0.00876276433765888
-0.317233874679522,-0.030354964033092457
-0.3087502628709463,-0.019324531564526737
1.0248173390323907,-0.022563184809964554
-0.361343549320047,-0.03382196744468402
1.141960123305657,-0.033425534304225124
-0.3278687108518975,0.016534796029162635
5.21713550777018,0.013814236537960767
0.4396779286237485,-0.0375073154000205
0.1423493576532176,-0.03767976646288318
-0.286057080042138,-0.04170130465245592
-0.3498277963458781,0.02051461218285411
0.6747007862326524,-0.03702478137162757
-0.2589273959289353,0.007180784609582602
-0.3396142682091429,-0.023170542871628896
-0.0657193608573336,-0.02171033578017223
-0.3121526444314963,0.006368882709217871
-0.3364097737562423,-0.04238559709504486
-0.2342617254787199,-0.007627061645250066
-0.313620839101152,0.020203079073505492
-0.3219320976224202,-0.03455702611596756
-0.239681278846275,0.0015039087612720436
1.7821823676467288,-0.013469194593151101
0.7551610458573262,-0.03752765174557737
-0.2745509022505973,0.009729842093246788
-0.3391163587124771,-0.001595110350967488
-0.3630255897350655,0.008915772198275107
-0.252352437190912,-0.03140084343400851
-0.0811800890743164,-0.03450712731345362
-0.1195127368625005,-0.017231711627912816
-0.2918277234393934,-0.029950491253648792
-0.2356022510466664,-0.017485179340109624
-0.2368661751535873,-0.003618991110670322
-0.3597732193690239,-0.031141000650698913
7.930151795003594,0.0118763271621809
1.0758211451652115,0.0013534353222173223
0.014683447671571,0.0006038701717052675
-0.3435241344489869,0.006231158157200767
1.2543855342707693,-0.04068456909077334
-0.3013135376963861,-0.01802277384388873
-0.3471978128506687,-0.041074099208358916
-0.0268888035724837,-0.040403597764655075
0.0357584246362154,-0.03238595052341253
-0.3171445063083256,-0.03603549563953834
-0.3508970250726925,-0.044350438910297996
0.3593900222863822,-0.012532060901834896
-0.3491894508373321,-0.04162201733752724
-0.305909625357917,-0.0008063319802360525
0.6466295424943446,-0.015128652176960244
-0.3644969761322639,-0.034264625609351285
-0.3062287981121899,-0.026324022406452485
-0.2194648765906248,0.0037603310340674767
-0.3320179566574461,-0.034132028619319854
0.4981822944819847,-0.0415796291820989
-0.2470541694699807,-0.02416997120721298
-0.2711453289625047,-0.018955539613831007
-0.2831334576129976,0.017991647898217167
0.9433325348665004,-0.022272904405957306
-0.3083991728412461,-0.024573812386600835
-0.3469552415574213,0.00473499168112923
-0.3434954089011023,-0.02572099044787457
-0.2219671909841249,-0.011908484024905519
-0.3654225771196555,-0.035180349198830285
0.0720866675275652,0.011176915621566863
-0.3501214352798092,-0.010689956361838782
-0.3063820010342409,-0.011636316230811516
-0.1100333060605932,-0.015703323262268754
-0.211255753350724,0.003298562784218362
-0.3636288262406414,-0.02534822799871783
-0.2007581614626859,0.008625823248197051
-0.3109685135131436,-0.021025451610295676
-0.3289028305757419,-0.00839757714695466
-0.2726518243626731,-0.02657004499161708
-0.3037871265420017,-0.039405339401941575
-0.0029508470020107,-0.03565538688795833
-0.0147123629969697,-0.00402250134279214
2.0048372810275548,-0.03539619485600021
-0.36069243690133,-0.0444530160629828
-0.3379545698869234,-0.01491130104877314
-0.1203234356583538,-0.0007145715456999824
0.0950862562004757,0.013629709442573912
-0.3550941467913821,-0.026516647772149682
-0.3332786890368244,-0.030372685398933896
-0.3409547937770894,-0.05040394602682774
-0.2863890197065818,-0.043812477411920625
-0.2949300826109267,-0.029597977605277492
-0.3471850459404978,-0.0356768635687601
0.0831747290110083,-0.00400654406471368
-0.0475328973188596,-0.00836777863641558
-0.3413122672618751,-0.03947136006905794
-0.3387461183175204,-0.04487868550441121
-0.2368278744230746,-0.0353873356190757
-0.2651448811821728,-0.035186670795804176
-0.359677467542742,0.006681653737679483
0.3545545550591466,-0.022969951609114858
-0.100221935594242,-0.04585721393391928
-0.2648895429787544,0.005389873863760997
-0.3372523898275229,0.01637147807609729
-0.3083991728412461,-0.0353662778983761
-0.3427676950213599,0.009572742476660068
-0.3432017699671711,-0.008400737945441605
-0.3597349186385111,-0.012485718106240995
-0.2305465546189825,-0.0039304526140711005
-0.3540664105226231,-0.010979237639576311
4.457501160872962,-0.027280682499952746
-0.1715761965395079,-0.009179284543909816
-0.3572198373348401,-0.018584578683942254
0.9881284309287124,0.011830358752636272
-0.2662045347263591,0.009615159375051974
