date,customers,7_day_moving_average
2025-01-01,56,
2025-01-02,46,
2025-01-03,32,
2025-01-04,60,
2025-01-05,25,
2025-01-06,38,
2025-01-07,56,44.714285714285715
2025-01-08,36,41.857142857142854
2025-01-09,40,41.0
2025-01-10,28,40.42857142857143
2025-01-11,28,35.857142857142854
2025-01-12,41,38.142857142857146
2025-01-13,53,40.285714285714285
2025-01-14,57,40.42857142857143
2025-01-15,41,41.142857142857146
2025-01-16,20,38.285714285714285
2025-01-17,39,39.857142857142854
2025-01-18,19,38.57142857142857
2025-01-19,41,38.57142857142857
2025-01-20,61,39.714285714285715
2025-01-21,47,38.285714285714285
2025-01-22,55,40.285714285714285
2025-01-23,19,40.142857142857146
2025-01-24,38,40.0
2025-01-25,50,44.42857142857143
2025-01-26,29,42.714285714285715
2025-01-27,39,39.57142857142857
2025-01-28,61,41.57142857142857
2025-01-29,42,39.714285714285715
2025-01-30,44,43.285714285714285
2025-01-31,59,46.285714285714285
2025-02-01,45,45.57142857142857
2025-02-02,33,46.142857142857146
2025-02-03,32,45.142857142857146
2025-02-04,64,45.57142857142857
2025-02-05,61,48.285714285714285
2025-02-06,20,44.857142857142854
2025-02-07,54,44.142857142857146
2025-02-08,24,41.142857142857146
2025-02-09,38,41.857142857142854
2025-02-10,26,41.0
2025-02-11,56,39.857142857142854
2025-02-12,35,36.142857142857146
2025-02-13,21,36.285714285714285
2025-02-14,42,34.57142857142857
2025-02-15,31,35.57142857142857
2025-02-16,26,33.857142857142854
2025-02-17,43,36.285714285714285
2025-02-18,19,31.0
2025-02-19,37,31.285714285714285
2025-02-20,45,34.714285714285715
2025-02-21,64,37.857142857142854
2025-02-22,24,36.857142857142854
2025-02-23,61,41.857142857142854
2025-02-24,25,39.285714285714285
2025-02-25,64,45.714285714285715
2025-02-26,52,47.857142857142854
2025-02-27,31,45.857142857142854
2025-02-28,34,41.57142857142857
2025-03-01,53,45.714285714285715
2025-03-02,57,45.142857142857146
2025-03-03,21,44.57142857142857
2025-03-04,19,38.142857142857146
2025-03-05,23,34.0
2025-03-06,59,38.0
2025-03-07,21,36.142857142857146
2025-03-08,46,35.142857142857146
2025-03-09,35,32.0
2025-03-10,43,35.142857142857146
2025-03-11,61,41.142857142857146
2025-03-12,51,45.142857142857146
2025-03-13,27,40.57142857142857
2025-03-14,53,45.142857142857146
2025-03-15,31,43.0
2025-03-16,48,44.857142857142854
2025-03-17,32,43.285714285714285
2025-03-18,25,38.142857142857146
2025-03-19,31,35.285714285714285
2025-03-20,40,37.142857142857146
2025-03-21,57,37.714285714285715
2025-03-22,38,38.714285714285715
2025-03-23,33,36.57142857142857
2025-03-24,62,40.857142857142854
2025-03-25,35,42.285714285714285
2025-03-26,64,47.0
2025-03-27,41,47.142857142857146
2025-03-28,43,45.142857142857146
2025-03-29,42,45.714285714285715
2025-03-30,62,49.857142857142854
2025-03-31,58,49.285714285714285
2025-04-01,46,50.857142857142854
2025-04-02,32,46.285714285714285
2025-04-03,62,49.285714285714285
2025-04-04,18,45.714285714285715
2025-04-05,42,45.714285714285715
2025-04-06,24,40.285714285714285
2025-04-07,26,35.714285714285715
2025-04-08,41,35.0
2025-04-09,18,33.0
2025-04-10,61,32.857142857142854
2025-04-11,25,33.857142857142854
2025-04-12,41,33.714285714285715
2025-04-13,28,34.285714285714285
2025-04-14,34,35.42857142857143
2025-04-15,25,33.142857142857146
2025-04-16,52,38.0
2025-04-17,52,36.714285714285715
2025-04-18,50,40.285714285714285
2025-04-19,22,37.57142857142857
2025-04-20,59,42.0
2025-04-21,56,45.142857142857146
2025-04-22,58,49.857142857142854
2025-04-23,45,48.857142857142854
2025-04-24,24,44.857142857142854
2025-04-25,26,41.42857142857143
2025-04-26,25,41.857142857142854
2025-04-27,29,37.57142857142857
2025-04-28,51,36.857142857142854
2025-04-29,50,35.714285714285715
2025-04-30,40,35.0
2025-05-01,41,37.42857142857143
2025-05-02,54,41.42857142857143
2025-05-03,52,45.285714285714285
2025-05-04,61,49.857142857142854
2025-05-05,57,50.714285714285715
2025-05-06,39,49.142857142857146
2025-05-07,44,49.714285714285715
2025-05-08,52,51.285714285714285
2025-05-09,18,46.142857142857146
2025-05-10,52,46.142857142857146
2025-05-11,54,45.142857142857146
2025-05-12,64,46.142857142857146
2025-05-13,31,45.0
2025-05-14,20,41.57142857142857
2025-05-15,18,36.714285714285715
2025-05-16,22,37.285714285714285
2025-05-17,43,36.0
2025-05-18,31,32.714285714285715
2025-05-19,56,31.571428571428573
2025-05-20,44,33.42857142857143
2025-05-21,26,34.285714285714285
2025-05-22,32,36.285714285714285
2025-05-23,32,37.714285714285715
2025-05-24,43,37.714285714285715
2025-05-25,59,41.714285714285715
2025-05-26,30,38.0
2025-05-27,49,38.714285714285715
2025-05-28,56,43.0
2025-05-29,49,45.42857142857143
2025-05-30,21,43.857142857142854
2025-05-31,47,44.42857142857143
2025-06-01,54,43.714285714285715
2025-06-02,40,45.142857142857146
2025-06-03,56,46.142857142857146
2025-06-04,62,47.0
2025-06-05,32,44.57142857142857
2025-06-06,60,50.142857142857146
2025-06-07,46,50.0
2025-06-08,53,49.857142857142854
2025-06-09,30,48.42857142857143
2025-06-10,49,47.42857142857143
2025-06-11,24,42.0
2025-06-12,39,43.0
2025-06-13,45,40.857142857142854
2025-06-14,19,37.0
2025-06-15,59,37.857142857142854
2025-06-16,62,42.42857142857143
2025-06-17,23,38.714285714285715
2025-06-18,45,41.714285714285715
2025-06-19,45,42.57142857142857
2025-06-20,61,44.857142857142854
2025-06-21,61,50.857142857142854
2025-06-22,37,47.714285714285715
2025-06-23,47,45.57142857142857
2025-06-24,28,46.285714285714285
2025-06-25,45,46.285714285714285
2025-06-26,42,45.857142857142854
2025-06-27,56,45.142857142857146
2025-06-28,50,43.57142857142857
2025-06-29,18,40.857142857142854
2025-06-30,44,40.42857142857143
2025-07-01,30,40.714285714285715
2025-07-02,58,42.57142857142857
2025-07-03,20,39.42857142857143
2025-07-04,56,39.42857142857143
2025-07-05,23,35.57142857142857
2025-07-06,25,36.57142857142857
2025-07-07,44,36.57142857142857
2025-07-08,26,36.0
2025-07-09,54,35.42857142857143
2025-07-10,50,39.714285714285715
2025-07-11,59,40.142857142857146
2025-07-12,61,45.57142857142857
2025-07-13,41,47.857142857142854
2025-07-14,32,46.142857142857146
2025-07-15,49,49.42857142857143
2025-07-16,49,48.714285714285715
2025-07-17,41,47.42857142857143
2025-07-18,58,47.285714285714285
2025-07-19,29,42.714285714285715
2025-07-20,56,44.857142857142854
2025-07-21,19,43.0
2025-07-22,20,38.857142857142854
2025-07-23,54,39.57142857142857
2025-07-24,34,38.57142857142857
2025-07-25,19,33.0
2025-07-26,19,31.571428571428573
2025-07-27,45,30.0
2025-07-28,40,33.0
2025-07-29,54,37.857142857142854
2025-07-30,49,37.142857142857146
2025-07-31,50,39.42857142857143
2025-08-01,18,39.285714285714285
2025-08-02,36,41.714285714285715
2025-08-03,19,38.0
2025-08-04,61,41.0
2025-08-05,43,39.42857142857143
2025-08-06,49,39.42857142857143
2025-08-07,23,35.57142857142857
2025-08-08,49,40.0
2025-08-09,21,37.857142857142854
2025-08-10,28,39.142857142857146
2025-08-11,34,35.285714285714285
2025-08-12,55,37.0
2025-08-13,41,35.857142857142854
2025-08-14,22,35.714285714285715
2025-08-15,51,36.0
2025-08-16,23,36.285714285714285
2025-08-17,39,37.857142857142854
2025-08-18,28,37.0
2025-08-19,33,33.857142857142854
2025-08-20,50,35.142857142857146
2025-08-21,26,35.714285714285715
2025-08-22,23,31.714285714285715
2025-08-23,33,33.142857142857146
2025-08-24,46,34.142857142857146
2025-08-25,20,33.0
2025-08-26,37,33.57142857142857
2025-08-27,53,34.0
2025-08-28,36,35.42857142857143
2025-08-29,43,38.285714285714285
2025-08-30,20,36.42857142857143
2025-08-31,36,35.0
2025-09-01,37,37.42857142857143
2025-09-02,49,39.142857142857146
2025-09-03,24,35.0
2025-09-04,58,38.142857142857146
2025-09-05,50,39.142857142857146
2025-09-06,57,44.42857142857143
2025-09-07,56,47.285714285714285
2025-09-08,35,47.0
2025-09-09,57,48.142857142857146
2025-09-10,18,47.285714285714285
2025-09-11,28,43.0
2025-09-12,45,42.285714285714285
2025-09-13,42,40.142857142857146
2025-09-14,40,37.857142857142854
2025-09-15,48,39.714285714285715
2025-09-16,47,38.285714285714285
2025-09-17,59,44.142857142857146
2025-09-18,52,47.57142857142857
2025-09-19,24,44.57142857142857
2025-09-20,33,43.285714285714285
2025-09-21,43,43.714285714285715
2025-09-22,19,39.57142857142857
2025-09-23,18,35.42857142857143
2025-09-24,29,31.142857142857142
2025-09-25,22,26.857142857142858
2025-09-26,54,31.142857142857142
2025-09-27,49,33.42857142857143
2025-09-28,26,31.0
2025-09-29,58,36.57142857142857
2025-09-30,52,41.42857142857143
2025-10-01,36,42.42857142857143
2025-10-02,33,44.0
2025-10-03,20,39.142857142857146
2025-10-04,37,37.42857142857143
2025-10-05,41,39.57142857142857
2025-10-06,50,38.42857142857143
2025-10-07,41,36.857142857142854
2025-10-08,28,35.714285714285715
2025-10-09,25,34.57142857142857
2025-10-10,53,39.285714285714285
2025-10-11,55,41.857142857142854
2025-10-12,57,44.142857142857146
2025-10-13,37,42.285714285714285
2025-10-14,52,43.857142857142854
2025-10-15,42,45.857142857142854
2025-10-16,52,49.714285714285715
2025-10-17,42,48.142857142857146
2025-10-18,46,46.857142857142854
2025-10-19,35,43.714285714285715
2025-10-20,63,47.42857142857143
2025-10-21,35,45.0
2025-10-22,19,41.714285714285715
2025-10-23,52,41.714285714285715
2025-10-24,33,40.42857142857143
2025-10-25,58,42.142857142857146
2025-10-26,53,44.714285714285715
2025-10-27,50,42.857142857142854
2025-10-28,21,40.857142857142854
2025-10-29,50,45.285714285714285
2025-10-30,31,42.285714285714285
2025-10-31,38,43.0
2025-11-01,37,40.0
2025-11-02,25,36.0
2025-11-03,24,32.285714285714285
2025-11-04,20,32.142857142857146
2025-11-05,34,29.857142857142858
2025-11-06,50,32.57142857142857
2025-11-07,29,31.285714285714285
2025-11-08,39,31.571428571428573
2025-11-09,39,33.57142857142857
2025-11-10,63,39.142857142857146
2025-11-11,47,43.0
2025-11-12,55,46.0
2025-11-13,55,46.714285714285715
2025-11-14,62,51.42857142857143
2025-11-15,25,49.42857142857143
2025-11-16,44,50.142857142857146
2025-11-17,44,47.42857142857143
2025-11-18,51,48.0
2025-11-19,38,45.57142857142857
2025-11-20,47,44.42857142857143
2025-11-21,50,42.714285714285715
2025-11-22,45,45.57142857142857
2025-11-23,64,48.42857142857143
2025-11-24,50,49.285714285714285
2025-11-25,22,45.142857142857146
2025-11-26,36,44.857142857142854
2025-11-27,21,41.142857142857146
2025-11-28,52,41.42857142857143
2025-11-29,34,39.857142857142854
2025-11-30,61,39.42857142857143
2025-12-01,45,38.714285714285715
2025-12-02,47,42.285714285714285
2025-12-03,46,43.714285714285715
2025-12-04,63,49.714285714285715
2025-12-05,23,45.57142857142857
2025-12-06,52,48.142857142857146
2025-12-07,58,47.714285714285715
2025-12-08,54,49.0
2025-12-09,41,48.142857142857146
2025-12-10,46,48.142857142857146
2025-12-11,63,48.142857142857146
2025-12-12,48,51.714285714285715
2025-12-13,52,51.714285714285715
2025-12-14,50,50.57142857142857
2025-12-15,38,48.285714285714285
2025-12-16,49,49.42857142857143
2025-12-17,40,48.57142857142857
2025-12-18,50,46.714285714285715
2025-12-19,20,42.714285714285715
2025-12-20,35,40.285714285714285
2025-12-21,42,39.142857142857146
2025-12-22,59,42.142857142857146
2025-12-23,48,42.0
2025-12-24,20,39.142857142857146
2025-12-25,57,40.142857142857146
2025-12-26,63,46.285714285714285
2025-12-27,41,47.142857142857146
2025-12-28,49,48.142857142857146
2025-12-29,64,48.857142857142854
2025-12-30,39,47.57142857142857
2025-12-31,40,50.42857142857143
2026-01-01,19,45.0
2026-01-02,44,42.285714285714285
2026-01-03,59,44.857142857142854
2026-01-04,19,40.57142857142857
2026-01-05,43,37.57142857142857
2026-01-06,34,36.857142857142854
2026-01-07,57,39.285714285714285
2026-01-08,50,43.714285714285715
2026-01-09,26,41.142857142857146
2026-01-10,60,41.285714285714285
2026-01-11,56,46.57142857142857
2026-01-12,46,47.0
2026-01-13,59,50.57142857142857
2026-01-14,43,48.57142857142857
2026-01-15,52,48.857142857142854
2026-01-16,42,51.142857142857146
2026-01-17,41,48.42857142857143
2026-01-18,30,44.714285714285715
2026-01-19,24,41.57142857142857
2026-01-20,53,40.714285714285715
2026-01-21,62,43.42857142857143
2026-01-22,37,41.285714285714285
2026-01-23,18,37.857142857142854
2026-01-24,25,35.57142857142857
2026-01-25,63,40.285714285714285
2026-01-26,33,41.57142857142857
2026-01-27,31,38.42857142857143
2026-01-28,29,33.714285714285715
2026-01-29,40,34.142857142857146
2026-01-30,32,36.142857142857146
2026-01-31,45,39.0
2026-02-01,51,37.285714285714285
2026-02-02,19,35.285714285714285
2026-02-03,49,37.857142857142854
2026-02-04,40,39.42857142857143
2026-02-05,39,39.285714285714285
2026-02-06,42,40.714285714285715
2026-02-07,39,39.857142857142854
2026-02-08,39,38.142857142857146
2026-02-09,59,43.857142857142854
2026-02-10,23,40.142857142857146
2026-02-11,32,39.0
2026-02-12,60,42.0
2026-02-13,54,43.714285714285715
2026-02-14,50,45.285714285714285
2026-02-15,25,43.285714285714285
2026-02-16,61,43.57142857142857
2026-02-17,61,49.0
2026-02-18,22,47.57142857142857
2026-02-19,56,47.0
2026-02-20,21,42.285714285714285
2026-02-21,23,38.42857142857143
2026-02-22,62,43.714285714285715
2026-02-23,49,42.0
2026-02-24,47,40.0
2026-02-25,64,46.0
2026-02-26,52,45.42857142857143
2026-02-27,57,50.57142857142857
2026-02-28,33,52.0
2026-03-01,30,47.42857142857143
2026-03-02,59,48.857142857142854
2026-03-03,47,48.857142857142854
2026-03-04,36,44.857142857142854
2026-03-05,34,42.285714285714285
2026-03-06,36,39.285714285714285
2026-03-07,45,41.0
2026-03-08,43,42.857142857142854
2026-03-09,54,42.142857142857146
2026-03-10,43,41.57142857142857
2026-03-11,40,42.142857142857146
2026-03-12,26,41.0
2026-03-13,29,40.0
2026-03-14,18,36.142857142857146
2026-03-15,18,32.57142857142857
2026-03-16,64,34.0
2026-03-17,51,35.142857142857146
2026-03-18,49,36.42857142857143
2026-03-19,42,38.714285714285715
2026-03-20,57,42.714285714285715
2026-03-21,62,49.0
2026-03-22,18,49.0
2026-03-23,33,44.57142857142857
2026-03-24,56,45.285714285714285
2026-03-25,22,41.42857142857143
2026-03-26,39,41.0
2026-03-27,46,39.42857142857143
2026-03-28,20,33.42857142857143
2026-03-29,29,35.0
2026-03-30,43,36.42857142857143
2026-03-31,33,33.142857142857146
2026-04-01,54,37.714285714285715
2026-04-02,39,37.714285714285715
2026-04-03,46,37.714285714285715
2026-04-04,31,39.285714285714285
2026-04-05,45,41.57142857142857
2026-04-06,22,38.57142857142857
2026-04-07,64,43.0
2026-04-08,47,42.0
2026-04-09,63,45.42857142857143
2026-04-10,22,42.0
2026-04-11,29,41.714285714285715
2026-04-12,33,40.0
2026-04-13,43,43.0
2026-04-14,43,40.0
2026-04-15,38,38.714285714285715
2026-04-16,56,37.714285714285715
2026-04-17,53,42.142857142857146
2026-04-18,50,45.142857142857146
2026-04-19,47,47.142857142857146
2026-04-20,54,48.714285714285715
2026-04-21,40,48.285714285714285
2026-04-22,27,46.714285714285715
2026-04-23,22,41.857142857142854
2026-04-24,53,41.857142857142854
2026-04-25,51,42.0
2026-04-26,48,42.142857142857146
2026-04-27,27,38.285714285714285
2026-04-28,36,37.714285714285715
2026-04-29,49,40.857142857142854
2026-04-30,18,40.285714285714285
2026-05-01,22,35.857142857142854
2026-05-02,62,37.42857142857143
2026-05-03,21,33.57142857142857
2026-05-04,33,34.42857142857143
2026-05-05,41,35.142857142857146
2026-05-06,33,32.857142857142854
2026-05-07,19,33.0
2026-05-08,45,36.285714285714285
2026-05-09,49,34.42857142857143
2026-05-10,44,37.714285714285715
2026-05-11,37,38.285714285714285
2026-05-12,41,38.285714285714285
2026-05-13,29,37.714285714285715
2026-05-14,52,42.42857142857143
2026-05-15,50,43.142857142857146
