Customer_ID,Age,Income,Total_Spend,Purchases,Engagement_Score,Satisfaction_Score,Tenure_Months,Last_Activity_Days,Churn,Segment,Churn_Status
CUST_0001,56,24000,2775.21,9,31.28,6.19,2,43,0,Regular,Active
CUST_0002,46,90588,1301.21,9,73.14,7.28,24,22,0,Engaged,Active
CUST_0003,32,121042,1357.69,1,37.29,1.05,38,20,1,Regular,Churn Risk
CUST_0004,60,113610,891.0,2,27.81,1.91,22,8,1,Low Value,Churn Risk
CUST_0005,25,140420,1296.53,28,88.96,8.82,26,29,0,Engaged,Active
CUST_0006,38,123691,433.56,16,56.81,7.14,43,40,1,Low Value,Churn Risk
CUST_0007,56,126306,2775.27,29,79.94,2.02,55,90,0,High Value,Active
CUST_0008,36,117856,1040.8,1,43.25,8.58,39,30,0,Low Value,Active
CUST_0009,40,58304,1051.12,10,82.96,3.18,29,81,1,Engaged,Churn Risk
CUST_0010,28,131783,1910.49,18,28.95,5.3,20,84,1,Regular,Churn Risk
CUST_0011,28,89449,1161.67,26,48.48,2.31,41,116,0,Low Value,Active
CUST_0012,41,102986,1096.51,28,98.24,7.39,54,55,1,Engaged,Churn Risk
CUST_0013,53,109643,993.41,8,83.52,7.0,20,16,0,Engaged,Active
CUST_0014,57,40764,1275.48,21,59.78,2.9,19,46,1,Regular,Churn Risk
CUST_0015,41,128940,2050.3,28,47.18,8.77,66,62,1,Regular,Churn Risk
CUST_0016,20,106027,2850.62,11,89.77,4.61,30,107,1,High Value,Churn Risk
CUST_0017,39,58494,1117.42,23,63.59,3.63,53,7,0,Low Value,Active
CUST_0018,19,23373,1830.18,2,80.67,2.37,34,80,1,Engaged,Churn Risk
CUST_0019,41,32161,1443.1,8,80.33,3.4,22,45,0,Engaged,Active
CUST_0020,61,117532,3803.45,27,21.44,1.2,67,59,0,Regular,Active
CUST_0021,47,112658,3520.62,22,30.1,6.25,6,111,1,Regular,Churn Risk
CUST_0022,55,143633,843.58,8,72.77,8.58,27,56,0,Engaged,Active
CUST_0023,19,120386,1859.97,17,32.93,5.94,10,48,0,Regular,Active
CUST_0024,38,47350,1958.0,15,40.44,2.97,48,27,1,Regular,Churn Risk
CUST_0025,50,113008,1428.77,17,95.73,1.3,70,53,0,Engaged,Active
CUST_0026,29,114297,1296.93,28,64.81,2.93,59,87,0,Regular,Active
CUST_0027,39,45351,1148.95,23,80.06,4.75,59,88,1,Engaged,Churn Risk
CUST_0028,61,108668,1359.34,24,64.64,7.84,2,73,1,Regular,Churn Risk
CUST_0029,42,134585,2570.05,13,64.2,2.69,29,35,1,Regular,Churn Risk
CUST_0030,44,35305,2232.93,19,27.53,7.48,68,51,0,Regular,Active
CUST_0031,59,95353,1753.23,5,47.49,8.8,65,84,0,Regular,Active
CUST_0032,45,96797,1223.85,12,42.59,5.09,26,37,0,Regular,Active
CUST_0033,33,85953,1369.24,1,51.26,8.39,10,106,0,Regular,Active
CUST_0034,32,77458,4568.03,23,83.87,5.99,53,81,0,High Value,Active
CUST_0035,64,127112,3862.27,5,49.75,6.73,59,111,0,Regular,Active
CUST_0036,61,40358,1344.19,8,56.14,5.74,22,95,0,Regular,Active
CUST_0037,20,23267,1031.57,13,51.79,5.17,51,119,1,Low Value,Churn Risk
CUST_0038,54,102745,1428.36,8,27.47,3.11,48,57,0,Regular,Active
CUST_0039,24,109588,1555.07,25,55.29,3.73,21,8,1,Regular,Churn Risk
CUST_0040,38,58513,944.67,23,35.65,3.61,22,79,1,Low Value,Churn Risk
CUST_0041,26,46092,2101.81,11,34.94,6.07,30,95,0,Regular,Active
CUST_0042,56,31338,1694.75,1,27.52,2.08,25,117,1,Regular,Churn Risk
CUST_0043,35,20412,1470.24,13,48.53,9.25,28,94,1,Regular,Churn Risk
CUST_0044,21,27543,1315.28,19,80.6,7.49,65,110,0,Engaged,Active
CUST_0045,42,125891,2661.8,24,42.12,4.61,45,20,1,Regular,Churn Risk
CUST_0046,31,53496,1224.33,3,44.99,2.43,68,103,0,Regular,Active
CUST_0047,26,80692,5290.26,24,71.41,8.94,7,53,0,High Value,Active
CUST_0048,43,109084,2000.69,17,35.67,8.41,49,119,1,Regular,Churn Risk
CUST_0049,19,112920,1920.26,5,91.76,7.5,9,12,0,Engaged,Active
CUST_0050,37,143555,2341.42,20,61.62,3.44,36,49,0,Regular,Active
CUST_0051,45,64425,3800.49,21,55.81,4.62,1,17,1,Regular,Churn Risk
CUST_0052,64,58756,1321.0,8,64.63,1.92,10,64,1,Regular,Churn Risk
CUST_0053,24,38888,2456.27,26,33.28,2.7,36,42,1,Regular,Churn Risk
CUST_0054,61,55735,2404.46,14,69.08,8.05,46,94,0,Engaged,Active
CUST_0055,25,67295,3013.42,4,49.05,7.44,32,29,0,Regular,Active
CUST_0056,64,137474,1586.61,11,91.77,6.34,32,19,0,Engaged,Active
CUST_0057,52,134352,2898.5,20,33.51,9.06,6,110,1,Regular,Churn Risk
CUST_0058,31,103042,1258.98,15,60.56,6.25,48,11,0,Regular,Active
CUST_0059,34,105999,419.72,19,67.85,5.2,38,98,0,Engaged,Active
CUST_0060,53,37955,698.39,7,22.67,4.06,17,50,1,Low Value,Churn Risk
CUST_0061,57,57841,1848.75,19,49.1,9.46,27,71,1,Regular,Churn Risk
CUST_0062,21,90640,2827.36,28,78.61,1.74,54,108,1,High Value,Churn Risk
CUST_0063,19,85510,1926.42,19,85.63,9.38,50,58,0,Engaged,Active
CUST_0064,23,54911,1996.09,11,45.05,8.44,35,34,1,Regular,Churn Risk
CUST_0065,59,79031,2433.78,26,83.89,2.17,25,20,1,Engaged,Churn Risk
CUST_0066,21,108726,2365.55,5,97.42,6.08,28,50,0,Engaged,Active
CUST_0067,46,27357,3305.63,5,88.55,8.8,15,102,1,High Value,Churn Risk
CUST_0068,35,52479,1405.16,22,29.41,6.15,4,88,0,Regular,Active
CUST_0069,43,81476,2247.78,8,79.18,9.16,27,10,0,Engaged,Active
CUST_0070,61,64811,3692.01,10,45.57,9.49,26,32,0,Regular,Active
CUST_0071,51,56208,2245.82,6,99.07,4.8,19,52,0,Engaged,Active
CUST_0072,27,40150,3362.18,15,58.83,4.4,17,15,0,Regular,Active
CUST_0073,53,91180,1439.73,16,29.79,9.43,43,101,0,Regular,Active
CUST_0074,31,63286,2919.64,28,78.01,7.08,41,84,0,High Value,Active
CUST_0075,48,132856,2932.34,17,45.84,2.04,42,3,1,Regular,Churn Risk
CUST_0076,32,88450,672.57,8,99.77,1.38,50,37,0,Engaged,Active
CUST_0077,25,41352,2115.71,8,98.38,6.08,40,40,0,Engaged,Active
CUST_0078,31,75069,2001.56,25,72.49,9.37,39,72,0,Engaged,Active
CUST_0079,40,131888,2755.33,9,30.39,8.6,23,40,0,Regular,Active
CUST_0080,57,130448,2011.67,2,74.95,7.08,52,108,1,Engaged,Churn Risk
CUST_0081,38,34397,5707.77,15,27.44,2.25,47,56,1,Regular,Churn Risk
CUST_0082,33,61555,4123.72,18,22.35,3.29,63,23,0,Regular,Active
CUST_0083,62,66959,2458.54,3,85.84,8.88,69,104,0,Engaged,Active
CUST_0084,35,20728,2083.51,17,36.78,2.65,43,11,0,Regular,Active
CUST_0085,64,70517,944.29,4,50.32,3.51,48,110,0,Low Value,Active
CUST_0086,41,139180,2015.08,4,97.88,2.17,34,64,1,Engaged,Churn Risk
CUST_0087,43,86234,1930.85,14,46.95,7.08,40,8,0,Regular,Active
CUST_0088,42,59954,5496.34,9,43.72,9.5,61,93,1,Regular,Churn Risk
CUST_0089,62,67280,2382.13,9,93.46,3.42,50,94,0,Engaged,Active
CUST_0090,58,99459,3061.79,25,28.86,5.28,67,56,0,Regular,Active
CUST_0091,46,36779,1330.04,26,80.77,6.71,62,60,0,Engaged,Active
CUST_0092,32,83932,2776.34,23,99.05,10.0,58,10,0,High Value,Active
CUST_0093,62,92936,388.16,18,92.1,1.94,33,39,0,Engaged,Active
CUST_0094,18,44466,3338.07,10,72.13,5.49,16,28,0,High Value,Active
CUST_0095,42,56939,1156.05,21,45.12,4.47,48,49,1,Low Value,Churn Risk
CUST_0096,24,89896,953.14,4,40.35,8.79,10,36,0,Low Value,Active
CUST_0097,26,55270,1694.31,12,85.54,5.28,38,13,0,Engaged,Active
CUST_0098,41,79163,2716.41,27,90.39,2.0,19,96,1,High Value,Churn Risk
CUST_0099,18,102637,1686.89,8,62.03,6.71,36,36,0,Regular,Active
CUST_0100,61,71934,1021.71,2,39.55,7.94,59,101,0,Low Value,Active
CUST_0101,25,84895,2373.83,22,29.04,1.03,63,26,0,Regular,Active
CUST_0102,41,52307,1169.74,13,26.97,8.73,46,86,0,Low Value,Active
CUST_0103,28,74098,1680.27,21,77.53,2.67,3,4,0,Engaged,Active
CUST_0104,34,80921,1258.12,16,53.61,5.97,65,95,0,Regular,Active
CUST_0105,25,25486,1980.01,28,92.43,4.74,8,82,0,Engaged,Active
CUST_0106,52,28335,1725.56,2,79.17,7.48,51,64,1,Engaged,Churn Risk
CUST_0107,52,106900,1985.81,11,35.3,4.34,6,38,0,Regular,Active
CUST_0108,50,146020,5558.75,10,69.1,8.83,39,88,0,Engaged,Active
CUST_0109,22,141954,964.52,15,54.84,7.57,60,87,0,Low Value,Active
CUST_0110,59,122795,3510.05,17,66.18,6.83,28,22,1,Engaged,Churn Risk
CUST_0111,56,109112,284.0,8,79.05,8.17,54,2,1,Engaged,Churn Risk
CUST_0112,58,117203,921.24,18,84.5,7.79,37,31,0,Engaged,Active
CUST_0113,45,31130,2035.36,23,87.5,1.32,9,119,0,Engaged,Active
CUST_0114,24,107508,1693.55,9,40.32,4.55,56,11,0,Regular,Active
CUST_0115,26,125955,2386.47,25,22.49,9.38,59,92,1,Regular,Churn Risk
CUST_0116,25,138324,1508.22,8,79.14,2.13,2,46,0,Engaged,Active
CUST_0117,29,80566,1767.51,27,28.51,7.63,61,96,1,Regular,Churn Risk
CUST_0118,51,86703,1749.23,14,45.19,9.77,58,62,0,Regular,Active
CUST_0119,50,47192,1862.19,28,20.31,1.47,60,69,1,Regular,Churn Risk
CUST_0120,40,21062,1929.51,26,74.53,7.14,40,64,0,Engaged,Active
CUST_0121,41,104076,1711.35,25,33.37,5.21,36,102,0,Regular,Active
CUST_0122,54,109780,1517.66,18,72.42,6.21,37,10,0,Engaged,Active
CUST_0123,52,41545,1622.52,22,99.34,1.77,18,40,0,Engaged,Active
CUST_0124,61,41689,2067.3,20,25.81,1.39,63,110,1,Regular,Churn Risk
CUST_0125,57,31174,2086.13,20,26.17,7.0,22,24,1,Regular,Churn Risk
CUST_0126,39,108461,1273.33,21,47.23,8.41,11,99,0,Regular,Active
CUST_0127,44,146174,1074.36,12,89.31,8.04,58,44,0,Engaged,Active
CUST_0128,52,123033,654.31,19,37.24,5.89,57,112,0,Low Value,Active
CUST_0129,18,29348,4095.06,14,48.83,1.9,4,60,0,Regular,Active
CUST_0130,52,43714,883.07,17,25.48,7.19,7,62,1,Low Value,Churn Risk
CUST_0131,54,58102,1157.58,24,81.05,3.18,61,87,0,Engaged,Active
CUST_0132,64,94460,2657.01,21,52.66,9.2,54,17,0,Regular,Active
CUST_0133,31,122634,785.95,3,80.74,8.54,68,65,0,Engaged,Active
CUST_0134,20,109930,614.82,26,92.29,7.38,1,119,0,Engaged,Active
CUST_0135,18,26801,1359.54,23,38.62,9.54,55,95,1,Regular,Churn Risk
CUST_0136,22,123150,2930.07,7,84.59,1.28,3,95,1,High Value,Churn Risk
CUST_0137,43,92267,1803.85,17,24.73,7.63,38,106,1,Regular,Churn Risk
CUST_0138,31,68136,4767.81,12,91.91,3.97,1,57,0,High Value,Active
CUST_0139,56,43625,2555.23,9,72.06,9.15,38,55,0,High Value,Active
CUST_0140,44,102873,855.74,15,89.94,3.4,29,106,0,Engaged,Active
CUST_0141,26,120843,1931.56,18,20.02,7.52,5,53,0,Regular,Active
CUST_0142,32,92592,673.86,21,33.53,8.9,21,56,0,Low Value,Active
CUST_0143,32,97052,2414.09,13,51.18,1.37,71,98,0,Regular,Active
CUST_0144,43,64261,1419.84,21,50.36,4.58,67,9,0,Regular,Active
CUST_0145,59,21542,2385.53,8,38.14,7.86,47,22,0,Regular,Active
CUST_0146,30,41677,3863.72,14,50.53,5.09,35,13,1,Regular,Churn Risk
CUST_0147,49,66732,3785.5,8,30.31,3.41,68,89,1,Regular,Churn Risk
CUST_0148,56,70343,1686.09,14,53.02,2.98,69,48,0,Regular,Active
CUST_0149,49,59081,2719.09,7,84.19,2.18,1,18,1,High Value,Churn Risk
CUST_0150,21,82856,1519.91,23,58.33,8.71,68,115,0,Regular,Active
CUST_0151,47,113105,2030.09,12,21.44,6.18,12,76,1,Regular,Churn Risk
CUST_0152,54,108858,727.07,11,53.72,1.69,60,40,0,Low Value,Active
CUST_0153,40,39065,1170.21,22,22.17,4.44,27,17,1,Low Value,Churn Risk
CUST_0154,56,144097,2439.6,22,97.3,4.31,56,15,0,Engaged,Active
CUST_0155,62,103460,614.77,11,30.2,2.64,23,106,0,Low Value,Active
CUST_0156,32,108092,1926.12,25,76.62,4.92,25,15,0,Engaged,Active
CUST_0157,60,146116,2010.15,22,97.82,3.99,21,79,0,Engaged,Active
CUST_0158,46,74693,2478.73,28,86.08,4.08,61,63,1,Engaged,Churn Risk
CUST_0159,53,46962,729.57,29,75.95,7.65,63,119,1,Engaged,Churn Risk
CUST_0160,30,48295,644.83,13,87.16,3.01,52,39,1,Engaged,Churn Risk
CUST_0161,49,33807,2950.13,18,98.54,6.78,25,13,0,High Value,Active
CUST_0162,24,62348,2010.97,2,69.71,6.14,55,81,0,Engaged,Active
CUST_0163,39,46432,1531.06,29,64.73,6.11,46,32,0,Regular,Active
CUST_0164,45,103285,709.67,21,70.26,6.97,32,9,0,Engaged,Active
CUST_0165,19,126995,1476.09,15,62.61,5.94,55,40,1,Regular,Churn Risk
CUST_0166,59,111792,976.63,20,70.81,8.91,5,20,0,Engaged,Active
CUST_0167,62,77854,2875.0,27,55.99,7.08,36,90,0,Regular,Active
CUST_0168,23,60262,838.06,18,37.48,5.92,49,91,1,Low Value,Churn Risk
CUST_0169,45,57080,1625.14,15,29.62,8.47,58,85,1,Regular,Churn Risk
CUST_0170,45,21324,2731.7,19,25.47,6.46,39,82,1,Regular,Churn Risk
CUST_0171,61,111267,2491.74,23,41.07,3.62,61,77,1,Regular,Churn Risk
CUST_0172,61,144707,1432.32,24,23.69,2.86,9,80,1,Regular,Churn Risk
CUST_0173,37,55909,2508.55,12,65.37,2.37,6,73,0,Engaged,Active
CUST_0174,47,109339,2733.93,13,42.71,9.1,35,63,0,Regular,Active
CUST_0175,28,39870,1964.49,22,85.96,7.39,39,76,0,Engaged,Active
CUST_0176,45,54578,2295.07,11,25.94,9.44,22,44,0,Regular,Active
CUST_0177,42,92124,1636.63,5,38.11,6.43,41,38,0,Regular,Active
CUST_0178,56,137611,3140.72,29,78.42,5.26,5,83,0,High Value,Active
CUST_0179,50,123605,1757.41,1,67.9,1.54,42,60,0,Engaged,Active
CUST_0180,18,46790,790.24,24,25.16,7.04,67,71,0,Low Value,Active
CUST_0181,44,138874,2356.09,3,90.18,6.24,30,99,0,Engaged,Active
CUST_0182,30,45289,1005.4,22,90.18,9.91,57,48,0,Engaged,Active
CUST_0183,58,75129,3349.22,19,46.43,3.15,29,18,1,Regular,Churn Risk
CUST_0184,20,113714,2257.39,23,47.23,5.78,37,16,0,Regular,Active
CUST_0185,56,114246,536.92,29,99.12,6.86,13,55,0,Engaged,Active
CUST_0186,23,35485,2795.98,7,70.09,6.8,32,39,0,High Value,Active
CUST_0187,25,64482,2117.89,12,62.51,6.05,46,68,0,Regular,Active
CUST_0188,44,106188,2604.7,15,87.05,7.99,23,59,0,High Value,Active
CUST_0189,26,24748,1878.72,25,42.82,2.84,45,89,0,Regular,Active
CUST_0190,54,106769,3271.49,5,54.33,7.53,17,96,1,Regular,Churn Risk
CUST_0191,50,29435,1253.76,15,41.42,6.58,66,62,0,Regular,Active
CUST_0192,59,23709,2862.54,8,83.13,9.06,6,104,1,High Value,Churn Risk
CUST_0193,61,143961,2150.55,10,65.87,8.62,18,13,0,Engaged,Active
CUST_0194,41,50355,648.53,26,72.71,3.84,22,109,1,Engaged,Churn Risk
CUST_0195,32,75771,612.45,16,40.18,3.49,33,81,1,Low Value,Churn Risk
CUST_0196,49,77799,1560.53,8,37.62,9.83,30,113,1,Regular,Churn Risk
CUST_0197,49,33116,1165.71,1,59.07,5.75,32,101,0,Low Value,Active
CUST_0198,41,45470,535.24,12,79.01,9.16,42,6,0,Engaged,Active
CUST_0199,58,62344,903.28,5,62.02,2.47,10,83,0,Low Value,Active
CUST_0200,29,62918,1679.2,3,22.61,6.79,36,77,1,Regular,Churn Risk
CUST_0201,56,72224,1151.05,1,89.48,8.29,34,60,0,Engaged,Active
CUST_0202,19,59298,5053.03,4,25.17,9.53,28,90,1,Regular,Churn Risk
CUST_0203,20,128492,1268.33,8,96.47,4.04,11,14,0,Engaged,Active
CUST_0204,54,100219,3193.15,3,22.01,7.52,39,95,1,Regular,Churn Risk
CUST_0205,34,81629,3864.63,10,75.56,5.85,47,54,1,High Value,Churn Risk
CUST_0206,19,86040,1381.13,2,26.58,1.55,19,4,0,Regular,Active
CUST_0207,19,119518,1317.61,11,92.85,7.21,15,39,0,Engaged,Active
CUST_0208,45,119835,1398.3,25,57.15,7.21,28,72,0,Regular,Active
CUST_0209,40,48016,1677.04,10,31.0,9.38,24,25,1,Regular,Churn Risk
CUST_0210,54,43960,1498.57,21,47.27,5.48,9,77,1,Regular,Churn Risk
CUST_0211,49,53591,923.64,14,33.19,3.07,47,32,1,Low Value,Churn Risk
CUST_0212,50,102848,2182.39,7,33.65,1.4,33,59,1,Regular,Churn Risk
CUST_0213,18,123333,1495.93,27,95.85,4.74,62,102,1,Engaged,Churn Risk
CUST_0214,36,131732,5143.25,27,55.62,3.72,19,63,1,Regular,Churn Risk
CUST_0215,19,134821,2885.81,2,83.1,7.85,67,38,0,High Value,Active
CUST_0216,61,87641,1507.68,9,71.17,4.19,40,92,1,Engaged,Churn Risk
CUST_0217,43,56395,2451.01,16,74.11,9.54,47,53,0,Engaged,Active
CUST_0218,49,131276,2404.48,13,30.54,9.66,65,94,1,Regular,Churn Risk
CUST_0219,23,149695,3078.82,9,38.73,6.59,29,67,1,Regular,Churn Risk
CUST_0220,49,42700,617.1,20,82.94,9.36,50,28,0,Engaged,Active
CUST_0221,21,54620,873.78,4,97.66,7.85,13,3,0,Engaged,Active
CUST_0222,28,123214,1140.33,22,41.01,5.92,1,109,1,Low Value,Churn Risk
CUST_0223,34,148148,1825.42,10,41.73,2.62,34,118,1,Regular,Churn Risk
CUST_0224,55,40559,1120.0,26,57.83,5.13,48,98,0,Low Value,Active
CUST_0225,41,113045,3415.39,26,98.71,6.05,48,80,0,High Value,Active
CUST_0226,22,113396,949.18,22,41.52,8.78,49,22,0,Low Value,Active
CUST_0227,51,81642,2072.87,12,52.56,5.33,64,96,0,Regular,Active
CUST_0228,23,96539,2141.72,17,91.32,9.08,61,38,0,Engaged,Active
CUST_0229,39,41732,2249.75,14,20.23,7.07,29,72,1,Regular,Churn Risk
CUST_0230,28,148675,2606.64,14,23.18,2.23,39,119,1,Regular,Churn Risk
CUST_0231,33,111362,2978.36,25,68.33,9.95,26,72,0,Engaged,Active
CUST_0232,50,50354,3725.58,2,92.59,5.75,17,62,0,High Value,Active
CUST_0233,26,33843,1501.14,21,39.11,4.53,71,57,0,Regular,Active
CUST_0234,23,130008,1145.46,25,57.57,6.93,13,6,0,Low Value,Active
CUST_0235,33,134065,2263.64,20,56.04,1.98,69,78,1,Regular,Churn Risk
CUST_0236,46,91726,2244.04,11,57.84,6.73,26,32,0,Regular,Active
CUST_0237,20,37640,2733.01,16,69.8,5.48,49,99,0,Engaged,Active
CUST_0238,37,72528,745.11,19,57.58,4.66,67,10,0,Low Value,Active
CUST_0239,53,58413,2653.28,23,55.8,9.58,7,3,0,Regular,Active
CUST_0240,36,148142,820.62,6,57.94,5.7,58,59,0,Low Value,Active
CUST_0241,43,72638,2100.59,24,67.27,2.97,49,76,0,Engaged,Active
CUST_0242,20,72736,1475.27,19,62.96,5.13,53,49,0,Regular,Active
CUST_0243,36,127892,3251.54,5,88.33,9.27,65,59,0,High Value,Active
CUST_0244,37,130133,770.56,26,23.96,2.58,62,31,0,Low Value,Active
CUST_0245,49,126357,2006.59,4,86.67,2.93,17,93,0,Engaged,Active
CUST_0246,24,88866,2252.93,15,87.51,1.12,43,69,1,Engaged,Churn Risk
CUST_0247,58,39087,1507.32,29,42.79,1.13,25,62,1,Regular,Churn Risk
CUST_0248,50,61430,2005.67,4,57.03,8.46,3,52,0,Regular,Active
CUST_0249,57,44504,1410.99,20,55.08,7.59,29,89,0,Regular,Active
CUST_0250,56,27114,1958.44,10,37.48,4.2,32,41,1,Regular,Churn Risk
CUST_0251,35,98859,2207.75,24,51.74,7.28,26,31,0,Regular,Active
CUST_0252,57,119657,1374.59,22,23.55,4.56,16,85,1,Regular,Churn Risk
CUST_0253,18,30975,1710.71,3,42.23,9.58,25,84,0,Regular,Active
CUST_0254,28,31023,493.58,26,85.33,9.7,54,103,0,Engaged,Active
CUST_0255,45,41447,1471.04,5,42.76,4.54,28,22,0,Regular,Active
CUST_0256,42,110469,889.93,6,85.46,8.69,56,4,0,Engaged,Active
CUST_0257,40,145899,1668.37,21,62.53,7.96,65,13,0,Regular,Active
CUST_0258,48,43959,3130.84,22,90.39,3.79,41,45,0,High Value,Active
CUST_0259,47,86203,3396.11,8,65.98,3.09,51,42,0,Engaged,Active
CUST_0260,59,139156,1628.53,7,22.37,5.12,71,114,0,Regular,Active
CUST_0261,52,49703,939.86,21,74.03,8.03,29,49,0,Engaged,Active
CUST_0262,24,29337,891.47,10,23.59,9.64,19,20,1,Low Value,Churn Risk
CUST_0263,33,66427,3926.38,6,56.05,7.87,66,116,0,Regular,Active
CUST_0264,43,141507,2834.36,14,94.35,8.7,41,77,0,High Value,Active
CUST_0265,19,81529,1642.59,4,33.22,6.43,45,81,1,Regular,Churn Risk
CUST_0266,18,122023,1905.3,28,51.19,8.52,15,54,0,Regular,Active
CUST_0267,29,104665,1622.35,25,78.39,8.06,3,36,0,Engaged,Active
CUST_0268,22,125787,2361.15,13,90.58,4.39,11,97,0,Engaged,Active
CUST_0269,54,51921,1805.78,20,73.68,5.97,53,1,1,Engaged,Churn Risk
CUST_0270,49,53307,2597.82,17,40.65,8.24,46,15,0,Regular,Active
CUST_0271,26,47355,2615.77,23,73.97,1.41,30,77,1,High Value,Churn Risk
CUST_0272,58,123268,1069.66,7,43.74,8.27,57,17,0,Low Value,Active
CUST_0273,52,147016,2160.56,4,77.47,2.6,18,24,0,Engaged,Active
CUST_0274,36,24835,3308.29,29,96.32,5.63,51,58,0,High Value,Active
CUST_0275,33,40159,2345.21,14,77.71,8.27,48,72,1,Engaged,Churn Risk
CUST_0276,20,124346,2216.29,3,89.03,3.28,66,114,1,Engaged,Churn Risk
CUST_0277,37,67605,1199.59,24,20.17,3.21,8,91,1,Low Value,Churn Risk
CUST_0278,41,141790,1211.58,5,77.41,4.62,22,109,1,Engaged,Churn Risk
CUST_0279,50,125616,1819.69,16,86.37,9.05,6,23,1,Engaged,Churn Risk
CUST_0280,41,58088,1290.39,26,23.24,1.0,57,46,0,Regular,Active
CUST_0281,28,98752,2961.5,23,89.73,9.11,36,72,0,High Value,Active
CUST_0282,25,75284,1672.61,20,40.54,2.38,57,8,0,Regular,Active
CUST_0283,53,77043,1250.25,4,73.22,9.91,49,59,0,Engaged,Active
CUST_0284,55,145388,2998.25,24,84.03,9.59,45,90,0,High Value,Active
CUST_0285,57,55547,972.95,24,73.01,5.45,66,111,0,Engaged,Active
CUST_0286,37,117007,1810.28,2,27.38,5.61,45,59,1,Regular,Churn Risk
CUST_0287,52,102844,1339.18,18,67.71,5.33,20,13,0,Engaged,Active
CUST_0288,42,47532,5228.75,19,63.97,6.72,64,39,0,Regular,Active
CUST_0289,52,54349,1811.78,28,92.03,1.82,67,101,0,Engaged,Active
CUST_0290,42,142402,1115.8,28,52.34,1.29,3,113,0,Low Value,Active
CUST_0291,46,138012,1869.63,19,45.69,1.52,54,28,0,Regular,Active
CUST_0292,35,65445,1667.23,17,79.99,5.0,64,89,0,Engaged,Active
CUST_0293,63,25713,1218.1,14,53.01,3.48,40,61,0,Regular,Active
CUST_0294,35,76178,2952.45,19,71.69,6.6,59,16,0,High Value,Active
CUST_0295,19,69407,2497.2,22,71.72,9.93,55,119,0,Engaged,Active
CUST_0296,52,90340,2109.97,24,91.04,4.48,62,2,0,Engaged,Active
CUST_0297,33,70990,1170.14,13,67.9,6.16,4,118,0,Engaged,Active
CUST_0298,58,95672,4172.92,12,60.17,4.74,60,82,1,Regular,Churn Risk
CUST_0299,53,149473,2197.82,26,31.11,8.63,30,17,0,Regular,Active
CUST_0300,50,85545,1332.62,6,29.26,9.12,2,30,0,Regular,Active
CUST_0301,21,104791,3086.13,21,32.35,8.9,62,103,1,Regular,Churn Risk
CUST_0302,50,78141,1945.19,4,33.75,9.77,49,13,0,Regular,Active
CUST_0303,31,43793,2901.79,19,71.03,1.25,9,96,1,High Value,Churn Risk
CUST_0304,38,76570,2245.06,16,79.28,8.56,31,114,0,Engaged,Active
CUST_0305,37,115084,4817.35,13,62.4,7.77,61,93,0,Regular,Active
CUST_0306,25,57892,1012.42,4,86.32,3.06,48,110,1,Engaged,Churn Risk
CUST_0307,24,21015,1371.83,23,99.3,9.61,25,94,0,Engaged,Active
CUST_0308,20,144704,6389.42,17,85.6,2.33,36,82,0,High Value,Active
CUST_0309,34,81813,1742.37,23,75.59,7.12,8,13,0,Engaged,Active
CUST_0310,50,47712,951.65,1,62.6,3.02,58,43,1,Low Value,Churn Risk
CUST_0311,29,120497,2428.39,18,55.91,4.88,45,85,0,Regular,Active
CUST_0312,39,28415,3088.89,20,26.75,7.47,62,94,1,Regular,Churn Risk
CUST_0313,39,131854,1729.34,17,51.95,6.07,39,21,0,Regular,Active
CUST_0314,63,132816,564.99,27,92.81,4.85,58,112,1,Engaged,Churn Risk
CUST_0315,47,148778,1098.51,28,84.64,3.94,64,55,0,Engaged,Active
CUST_0316,55,82292,707.71,27,37.28,8.56,44,81,0,Low Value,Active
CUST_0317,55,43833,4495.25,15,57.33,2.29,29,40,0,Regular,Active
CUST_0318,62,24158,672.21,11,85.34,4.87,59,83,1,Engaged,Churn Risk
CUST_0319,25,82680,1337.81,25,25.39,9.13,71,116,0,Regular,Active
CUST_0320,44,40309,2392.29,28,50.99,8.61,9,15,1,Regular,Churn Risk
CUST_0321,44,26970,875.85,22,88.15,4.61,6,73,0,Engaged,Active
CUST_0322,51,92474,2245.37,13,52.31,7.87,29,52,0,Regular,Active
CUST_0323,38,106704,1252.14,1,26.21,8.41,58,74,1,Regular,Churn Risk
CUST_0324,47,66540,2161.15,17,63.4,9.0,17,108,0,Regular,Active
CUST_0325,50,40384,1568.17,6,88.94,5.9,16,95,0,Engaged,Active
CUST_0326,45,38017,1687.33,4,67.22,2.84,3,53,0,Engaged,Active
CUST_0327,64,95880,3050.22,20,38.1,3.3,21,87,1,Regular,Churn Risk
CUST_0328,50,125570,934.59,16,50.74,3.66,64,52,1,Low Value,Churn Risk
CUST_0329,22,28702,2156.26,15,56.01,6.34,36,30,0,Regular,Active
CUST_0330,36,20384,2719.97,27,66.34,1.3,62,33,0,Engaged,Active
CUST_0331,21,20404,880.56,15,80.75,6.72,42,57,0,Engaged,Active
CUST_0332,52,60943,710.72,6,27.91,4.28,42,52,0,Low Value,Active
CUST_0333,34,67926,1584.71,15,91.17,3.66,61,9,0,Engaged,Active
CUST_0334,61,49189,470.04,14,20.98,8.92,13,54,0,Low Value,Active
CUST_0335,45,32763,2087.61,28,49.6,5.14,11,111,0,Regular,Active
CUST_0336,47,38384,2527.46,11,22.19,1.86,54,1,1,Regular,Churn Risk
CUST_0337,46,80100,797.46,7,51.44,8.44,16,44,0,Low Value,Active
CUST_0338,63,118142,2769.82,9,62.07,1.43,8,99,0,Regular,Active
CUST_0339,23,29860,3270.54,26,60.93,7.54,59,75,0,Regular,Active
CUST_0340,52,124293,2202.93,16,33.25,7.97,57,98,1,Regular,Churn Risk
CUST_0341,58,100642,3379.09,5,71.66,4.17,40,80,1,High Value,Churn Risk
CUST_0342,54,70612,1537.84,25,23.58,8.42,59,9,0,Regular,Active
CUST_0343,41,43574,1354.81,20,80.95,5.64,2,32,0,Engaged,Active
CUST_0344,46,43524,1710.83,29,95.73,5.17,10,15,0,Engaged,Active
CUST_0345,63,89172,1010.24,10,47.18,1.41,44,12,1,Low Value,Churn Risk
CUST_0346,48,30916,1325.44,18,61.38,3.61,11,97,0,Regular,Active
CUST_0347,52,24809,1842.24,3,50.31,9.38,2,109,0,Regular,Active
CUST_0348,50,52201,1970.01,13,20.54,4.53,50,78,1,Regular,Churn Risk
CUST_0349,38,73330,2301.63,11,50.87,5.92,12,57,0,Regular,Active
CUST_0350,49,33456,467.82,17,83.34,5.79,23,8,0,Engaged,Active
CUST_0351,40,133748,6329.61,22,67.68,6.31,18,72,0,Engaged,Active
CUST_0352,50,76397,1073.61,13,28.1,1.55,62,27,1,Low Value,Churn Risk
CUST_0353,20,141288,2521.94,6,87.77,4.26,62,62,0,High Value,Active
CUST_0354,35,58765,2111.08,17,62.49,7.51,38,12,0,Regular,Active
CUST_0355,42,54816,1278.23,27,87.34,2.81,67,65,0,Engaged,Active
CUST_0356,59,65106,2408.74,13,66.42,2.83,38,107,1,Engaged,Churn Risk
CUST_0357,48,73932,1087.96,19,64.78,1.09,67,104,1,Low Value,Churn Risk
CUST_0358,20,37100,1803.92,21,28.42,4.94,61,42,0,Regular,Active
CUST_0359,57,77091,4498.15,19,33.39,8.94,1,62,1,Regular,Churn Risk
CUST_0360,63,41949,1436.24,10,97.76,1.47,45,115,1,Engaged,Churn Risk
CUST_0361,41,90080,1898.72,3,38.28,2.72,28,11,1,Regular,Churn Risk
CUST_0362,49,57744,983.64,14,98.2,3.79,21,103,1,Engaged,Churn Risk
CUST_0363,64,65543,2550.63,26,62.55,7.59,13,43,0,Regular,Active
CUST_0364,39,128319,1189.35,19,30.86,6.77,27,95,0,Low Value,Active
CUST_0365,40,112193,2132.25,5,27.94,4.74,7,17,0,Regular,Active
CUST_0366,19,56187,2973.89,29,36.71,7.83,22,97,0,Regular,Active
CUST_0367,44,132734,1602.16,5,94.05,6.49,53,32,1,Engaged,Churn Risk
CUST_0368,59,27239,2428.54,20,53.13,9.06,4,93,1,Regular,Churn Risk
CUST_0369,19,144454,2195.25,17,51.63,8.36,23,85,1,Regular,Churn Risk
CUST_0370,43,34489,3029.45,21,45.06,3.28,70,85,0,Regular,Active
CUST_0371,34,134937,2434.95,10,31.76,3.44,33,40,1,Regular,Churn Risk
CUST_0372,57,78017,3366.18,5,59.03,2.13,28,23,0,Regular,Active
CUST_0373,50,81877,1594.28,4,30.4,4.03,8,56,1,Regular,Churn Risk
CUST_0374,26,63125,861.76,6,86.84,10.0,1,6,0,Engaged,Active
CUST_0375,60,69922,666.93,26,49.63,4.65,37,86,1,Low Value,Churn Risk
CUST_0376,56,114074,712.33,4,49.98,2.98,63,50,0,Low Value,Active
CUST_0377,46,52049,1557.8,7,57.92,7.86,22,102,1,Regular,Churn Risk
CUST_0378,59,57131,2000.65,7,55.53,5.88,70,37,0,Regular,Active
CUST_0379,43,62944,1241.4,18,99.59,2.35,21,109,0,Engaged,Active
CUST_0380,52,135765,413.03,3,63.63,4.43,35,64,1,Low Value,Churn Risk
CUST_0381,42,93963,1254.08,1,27.06,4.73,5,115,1,Regular,Churn Risk
CUST_0382,41,126884,1431.91,24,68.55,7.78,60,54,0,Engaged,Active
CUST_0383,30,145917,1814.31,25,32.13,1.19,46,72,1,Regular,Churn Risk
CUST_0384,24,44285,3594.58,4,22.48,3.42,50,105,1,Regular,Churn Risk
CUST_0385,53,57626,582.76,6,97.66,5.66,48,49,1,Engaged,Churn Risk
CUST_0386,62,62808,2564.46,9,81.88,3.42,6,99,0,High Value,Active
CUST_0387,37,108464,2441.34,22,98.41,6.66,56,115,0,Engaged,Active
CUST_0388,18,73871,1601.89,14,58.23,5.34,59,11,0,Regular,Active
CUST_0389,25,39198,2234.93,28,62.58,4.26,29,88,0,Regular,Active
CUST_0390,63,39758,1658.36,12,33.47,9.54,71,49,1,Regular,Churn Risk
CUST_0391,33,35254,2415.48,28,39.75,6.69,18,21,0,Regular,Active
CUST_0392,31,64238,1119.76,25,87.08,2.17,2,115,1,Engaged,Churn Risk
CUST_0393,29,21252,1043.21,20,48.49,6.04,8,66,0,Low Value,Active
CUST_0394,40,59764,544.38,24,86.15,8.03,54,63,1,Engaged,Churn Risk
CUST_0395,32,97709,2240.13,25,76.72,7.38,38,104,1,Engaged,Churn Risk
CUST_0396,45,57441,1314.24,4,34.17,2.55,48,83,1,Regular,Churn Risk
CUST_0397,51,112234,695.1,21,60.6,9.75,27,103,0,Low Value,Active
CUST_0398,19,73682,1053.15,24,74.19,5.04,20,28,1,Engaged,Churn Risk
CUST_0399,49,79494,2413.14,12,38.8,2.43,12,17,0,Regular,Active
CUST_0400,40,101317,1991.31,10,86.46,2.62,43,6,0,Engaged,Active
CUST_0401,39,85215,1074.44,22,63.59,1.88,61,19,0,Low Value,Active
CUST_0402,42,98587,3523.11,28,33.22,8.23,31,56,0,Regular,Active
CUST_0403,39,125185,1762.33,7,66.64,2.1,61,102,1,Engaged,Churn Risk
CUST_0404,39,26949,2323.34,3,99.98,2.13,67,28,1,Engaged,Churn Risk
CUST_0405,59,127825,1969.88,23,32.04,8.65,35,66,0,Regular,Active
CUST_0406,23,75393,1574.7,28,85.34,4.1,15,38,1,Engaged,Churn Risk
CUST_0407,32,93553,2244.9,14,36.58,1.28,16,119,0,Regular,Active
CUST_0408,60,26941,3168.7,24,82.59,1.47,13,37,0,High Value,Active
CUST_0409,54,45934,1560.07,10,78.77,2.28,35,115,0,Engaged,Active
CUST_0410,50,43386,2645.77,16,44.04,2.92,59,116,1,Regular,Churn Risk
CUST_0411,25,145362,1240.87,16,46.07,6.99,21,68,1,Regular,Churn Risk
CUST_0412,61,81886,4185.51,22,83.4,2.42,54,86,0,High Value,Active
CUST_0413,61,95745,1149.22,10,56.92,2.07,30,90,1,Low Value,Churn Risk
CUST_0414,22,103251,4890.99,25,78.47,7.88,48,49,0,High Value,Active
CUST_0415,56,114456,885.23,13,31.84,7.04,35,43,0,Low Value,Active
CUST_0416,21,73413,1514.77,6,88.2,4.92,38,36,0,Engaged,Active
CUST_0417,23,76800,2302.75,12,76.87,5.94,31,58,0,Engaged,Active
CUST_0418,62,117239,3273.48,9,92.56,3.81,24,13,1,High Value,Churn Risk
CUST_0419,49,62318,3868.23,13,30.59,5.34,49,52,1,Regular,Churn Risk
CUST_0420,47,139803,3615.78,4,67.44,5.56,32,58,0,Engaged,Active
CUST_0421,64,90173,2259.56,24,67.93,4.49,55,32,0,Engaged,Active
CUST_0422,52,90390,1188.86,11,48.28,9.16,58,81,0,Low Value,Active
CUST_0423,57,72329,2936.04,20,56.68,1.14,3,105,0,Regular,Active
CUST_0424,33,142418,3106.55,18,23.04,8.04,69,100,1,Regular,Churn Risk
CUST_0425,30,63088,2138.67,26,79.67,2.12,10,119,1,Engaged,Churn Risk
CUST_0426,59,136868,1368.0,11,63.95,8.18,25,60,0,Regular,Active
CUST_0427,47,123196,968.47,25,24.62,6.54,68,110,1,Low Value,Churn Risk
CUST_0428,36,59811,1233.16,21,74.46,8.59,61,83,0,Engaged,Active
CUST_0429,34,134825,1198.4,4,57.34,1.88,29,58,1,Low Value,Churn Risk
CUST_0430,36,75479,1865.55,18,22.76,6.03,19,99,1,Regular,Churn Risk
CUST_0431,45,105392,3008.28,1,97.57,5.51,43,110,1,High Value,Churn Risk
CUST_0432,43,107369,1939.23,27,95.93,7.36,66,104,0,Engaged,Active
CUST_0433,54,137520,924.22,7,61.03,5.81,61,56,0,Low Value,Active
CUST_0434,43,39963,2582.49,6,27.49,5.87,43,28,1,Regular,Churn Risk
CUST_0435,40,75123,4399.84,15,80.37,4.87,25,1,0,High Value,Active
CUST_0436,26,145911,1927.22,18,59.35,3.78,20,42,0,Regular,Active
CUST_0437,29,122468,1255.65,24,44.2,5.34,48,82,0,Regular,Active
CUST_0438,18,112705,1038.99,11,59.31,2.07,24,48,1,Low Value,Churn Risk
CUST_0439,18,93477,2504.39,20,61.8,9.65,11,40,0,Regular,Active
CUST_0440,64,34388,3805.68,24,65.02,7.43,55,97,1,Engaged,Churn Risk
CUST_0441,51,25569,1555.02,15,55.3,9.57,28,63,0,Regular,Active
CUST_0442,49,89836,1368.19,16,68.46,3.04,69,76,0,Engaged,Active
CUST_0443,42,124573,1904.11,7,93.5,8.91,63,72,1,Engaged,Churn Risk
CUST_0444,57,56586,2686.21,21,48.98,8.28,59,88,1,Regular,Churn Risk
CUST_0445,62,147018,1205.53,10,78.06,7.09,5,80,0,Engaged,Active
CUST_0446,18,32015,2057.66,26,91.56,6.63,51,114,0,Engaged,Active
CUST_0447,33,65002,2359.15,12,56.48,3.85,21,4,1,Regular,Churn Risk
CUST_0448,56,136594,2449.38,24,55.48,8.35,12,38,0,Regular,Active
CUST_0449,22,26254,987.48,14,68.17,5.51,50,108,0,Engaged,Active
CUST_0450,39,37144,1106.6,25,67.31,1.64,4,27,0,Engaged,Active
CUST_0451,46,44214,1918.08,5,84.53,3.82,42,9,0,Engaged,Active
CUST_0452,20,125654,2598.28,26,58.12,9.42,38,111,0,Regular,Active
CUST_0453,29,100719,4768.72,21,99.69,8.66,25,16,0,High Value,Active
CUST_0454,43,91774,949.41,18,24.76,9.84,14,56,0,Low Value,Active
CUST_0455,33,26090,2084.62,5,20.25,6.65,32,76,0,Regular,Active
CUST_0456,54,31637,1831.85,3,71.22,3.23,11,31,0,Engaged,Active
CUST_0457,39,42415,1444.66,23,43.87,2.47,61,88,0,Regular,Active
CUST_0458,46,44071,3192.04,26,39.23,2.68,18,119,0,Regular,Active
CUST_0459,31,78243,2433.2,5,44.95,1.18,27,14,0,Regular,Active
CUST_0460,45,130951,2469.4,24,40.48,4.52,55,109,1,Regular,Churn Risk
CUST_0461,22,145827,914.97,17,22.46,2.72,54,25,0,Low Value,Active
CUST_0462,64,128215,1515.69,19,97.72,4.7,21,34,0,Engaged,Active
CUST_0463,47,61240,1882.14,19,37.66,9.41,44,67,0,Regular,Active
CUST_0464,63,146146,2001.46,25,78.72,4.87,5,24,0,Engaged,Active
CUST_0465,22,103807,5350.71,21,81.01,8.9,41,118,0,High Value,Active
CUST_0466,29,121570,1560.72,12,94.34,6.45,59,106,0,Engaged,Active
CUST_0467,33,53434,322.53,25,22.44,3.22,54,73,1,Low Value,Churn Risk
CUST_0468,43,89724,1895.25,29,89.76,4.2,22,26,0,Engaged,Active
CUST_0469,43,135359,2363.71,9,62.18,1.76,65,20,0,Regular,Active
CUST_0470,38,95697,1885.51,1,70.6,4.0,64,64,0,Engaged,Active
CUST_0471,56,48732,225.36,18,71.56,7.1,71,104,0,Engaged,Active
CUST_0472,53,141465,2128.7,21,85.58,1.65,4,10,0,Engaged,Active
CUST_0473,50,31314,2400.6,4,46.67,2.85,65,83,0,Regular,Active
CUST_0474,47,43954,859.17,10,78.64,4.43,15,67,1,Engaged,Churn Risk
CUST_0475,54,77108,1249.87,25,62.29,9.84,22,24,1,Regular,Churn Risk
CUST_0476,40,107044,1774.0,7,83.47,8.06,47,5,1,Engaged,Churn Risk
CUST_0477,27,107505,1344.9,22,99.24,7.6,46,67,1,Engaged,Churn Risk
CUST_0478,22,131195,1467.37,23,36.05,2.05,14,58,1,Regular,Churn Risk
CUST_0479,53,123081,2138.42,1,99.57,8.03,50,27,0,Engaged,Active
CUST_0480,51,56668,1295.46,17,27.18,8.07,20,80,0,Regular,Active
CUST_0481,48,43061,721.77,24,20.19,6.41,50,113,1,Low Value,Churn Risk
CUST_0482,27,99252,2853.03,29,23.53,9.91,33,15,1,Regular,Churn Risk
CUST_0483,36,59749,1004.45,29,47.34,3.93,59,35,1,Low Value,Churn Risk
CUST_0484,49,149668,1640.46,2,70.63,9.47,43,76,1,Engaged,Churn Risk
CUST_0485,18,124680,1389.41,28,25.52,9.23,12,105,0,Regular,Active
CUST_0486,22,36907,925.17,26,20.45,1.1,40,53,0,Low Value,Active
CUST_0487,62,38777,2809.8,11,94.97,5.05,20,44,1,High Value,Churn Risk
CUST_0488,21,113229,2664.19,9,85.75,9.79,38,26,0,High Value,Active
CUST_0489,33,71745,1483.41,7,84.73,1.93,3,47,1,Engaged,Churn Risk
CUST_0490,41,128464,1818.83,22,90.75,5.93,28,34,0,Engaged,Active
CUST_0491,33,148077,1939.53,17,76.0,9.81,56,87,0,Engaged,Active
CUST_0492,19,111865,957.34,17,28.35,6.0,13,95,1,Low Value,Churn Risk
CUST_0493,45,132428,1036.76,2,51.93,2.71,66,50,0,Low Value,Active
CUST_0494,49,101818,1803.87,6,77.85,6.24,37,84,1,Engaged,Churn Risk
CUST_0495,44,43624,911.87,14,42.43,2.84,49,12,0,Low Value,Active
CUST_0496,37,43321,1795.22,6,74.99,5.68,66,87,1,Engaged,Churn Risk
CUST_0497,41,30488,394.32,2,21.96,1.67,36,4,0,Low Value,Active
CUST_0498,29,42574,1439.47,1,44.49,6.45,54,87,1,Regular,Churn Risk
CUST_0499,52,25240,2119.85,10,63.93,5.65,26,48,0,Regular,Active
CUST_0500,50,63221,2038.84,21,70.57,7.66,40,55,0,Engaged,Active
